Server,Login,Program,Level,AccountType,RegistrationDate,InitialDeposit,Leverage,Currency,ProfitTarget,MaxLoss,MaxDailyDrawdown,MinATD,PositionRisk,MaxViolations,TimeLimit,ExpiryDate,ProfitShare,OutlierLogic
live1,20009,Evaluation,Evaluation,Direct Funding,2022-08-02 05:50:04,10000.0,100,USD,200.0,150.0,50.0,50,25.0,5,365,2022-08-02 05:50:04,5.0,0
live1,200000,Evaluation,Evaluation,Direct Funding,2022-08-02 05:50:04,10000.0,100,USD,200.0,150.0,50.0,50,25.0,5,365,2022-08-02 05:50:04,5.0,0
live1,200002,Evaluation,Evaluation,Direct Funding,2022-08-02 05:50:04,10000.0,100,USD,200.0,150.0,50.0,50,25.0,5,365,2022-08-02 05:50:04,5.0,0
live1,200008,Evaluation,Evaluation,Direct Funding,2022-08-02 05:50:04,10000.0,100,USD,200.0,150.0,50.0,50,25.0,5,365,2022-08-02 05:50:04,5.0,0
live1,200009,Evaluation,Evaluation,Direct Funding,2022-08-02 05:50:04,10000.0,100,USD,200.0,150.0,50.0,50,25.0,5,365,2022-08-02 05:50:04,5.0,0
live1,200010,Evaluation,Evaluation,Direct Funding,2022-08-02 05:50:04,10000.0,100,USD,200.0,150.0,50.0,50,25.0,5,365,2022-08-02 05:50:04,5.0,0
live1,200012,Evaluation,Evaluation,Direct Funding,2022-08-02 05:50:04,10000.0,100,USD,200.0,150.0,50.0,50,25.0,5,365,2022-08-02 05:50:04,5.0,0
live1,200013,Evaluation,Evaluation,Direct Funding,2022-08-02 05:50:04,10000.0,100,USD,200.0,150.0,50.0,50,25.0,5,365,2022-08-02 05:50:04,5.0,0
live1,200014,Evaluation,Evaluation,Direct Funding,2022-08-02 05:50:04,10000.0,100,USD,200.0,150.0,50.0,50,25.0,5,365,2022-08-02 05:50:04,5.0,0
live1,200015,Evaluation,Evaluation,Direct Funding,2022-08-02 05:50:04,10000.0,100,USD,200.0,150.0,50.0,50,25.0,5,365,2022-08-02 05:50:04,5.0,0
live1,200016,Evaluation,Evaluation,Direct Funding,2022-08-02 05:50:04,10000.0,100,USD,200.0,150.0,50.0,50,25.0,5,365,2022-08-02 05:50:04,5.0,0
live1,200018,Evaluation,Evaluation,Direct Funding,2022-08-02 05:50:04,10000.0,100,USD,200.0,150.0,50.0,50,25.0,5,365,2022-08-02 05:50:04,5.0,0
live1,200022,Evaluation,Evaluation,Direct Funding,2022-08-02 05:50:04,10000.0,100,USD,200.0,150.0,50.0,50,25.0,5,365,2022-08-02 05:50:04,5.0,0
live1,200041,Evaluation,Evaluation,Direct Funding,2022-08-02 05:50:04,10000.0,100,USD,200.0,150.0,50.0,50,25.0,5,365,2022-08-02 05:50:04,5.0,0
live1,200042,Evaluation,Evaluation,Direct Funding,2022-08-02 05:50:04,10000.0,100,USD,200.0,150.0,50.0,50,25.0,5,365,2022-08-02 05:50:04,5.0,0
live1,200043,Evaluation,Evaluation,Direct Funding,2022-08-02 05:50:04,10000.0,100,USD,200.0,150.0,50.0,50,25.0,5,365,2022-08-02 05:50:04,5.0,0
live1,200044,Evaluation,Evaluation,Direct Funding,2022-08-02 05:50:04,10000.0,100,USD,200.0,150.0,50.0,50,25.0,5,365,2022-08-02 05:50:04,5.0,0
live1,200046,Evaluation,Evaluation,Direct Funding,2022-08-02 05:50:04,10000.0,100,USD,200.0,150.0,50.0,50,25.0,5,365,2022-08-02 05:50:04,5.0,0
live1,200049,Evaluation,Evaluation,Direct Funding,2022-08-02 05:50:04,10000.0,100,USD,200.0,150.0,50.0,50,25.0,5,365,2022-08-02 05:50:04,5.0,0
live1,200057,Evaluation,Evaluation,Direct Funding,2022-08-02 05:50:04,10000.0,100,USD,200.0,150.0,50.0,50,25.0,5,365,2022-08-02 05:50:04,5.0,0
live1,200058,Evaluation,Evaluation,Direct Funding,2022-08-02 05:50:04,10000.0,100,USD,200.0,150.0,50.0,50,25.0,5,365,2022-08-02 05:50:04,5.0,0
live1,200060,Evaluation,Evaluation,Direct Funding,2022-08-02 05:50:04,10000.0,100,USD,200.0,150.0,50.0,50,25.0,5,365,2022-08-02 05:50:04,5.0,0
live1,200061,Evaluation,Evaluation,Direct Funding,2022-08-02 05:50:04,10000.0,100,USD,200.0,150.0,50.0,50,25.0,5,365,2022-08-02 05:50:04,5.0,0
live1,200064,Evaluation,Evaluation,Direct Funding,2022-08-02 05:50:04,10000.0,100,USD,200.0,150.0,50.0,50,25.0,5,365,2022-08-02 05:50:04,5.0,0
live1,200065,Evaluation,Evaluation,Direct Funding,2022-08-02 05:50:04,10000.0,100,USD,200.0,150.0,50.0,50,25.0,5,365,2022-08-02 05:50:04,5.0,0
live1,200066,Evaluation,Evaluation,Direct Funding,2022-08-02 05:50:04,10000.0,100,USD,200.0,150.0,50.0,50,25.0,5,365,2022-08-02 05:50:04,5.0,0
live1,200068,Evaluation,Evaluation,Direct Funding,2022-08-02 05:50:04,10000.0,100,USD,200.0,150.0,50.0,50,25.0,5,365,2022-08-02 05:50:04,5.0,0
live1,200069,Evaluation,Evaluation,Direct Funding,2022-08-02 05:50:04,10000.0,100,USD,200.0,150.0,50.0,50,25.0,5,365,2022-08-02 05:50:04,5.0,0
live1,200070,Evaluation,Evaluation,Direct Funding,2022-08-02 05:50:04,10000.0,100,USD,200.0,150.0,50.0,50,25.0,5,365,2022-08-02 05:50:04,5.0,0
live1,200071,Evaluation,Evaluation,Direct Funding,2022-08-02 05:50:04,10000.0,100,USD,200.0,150.0,50.0,50,25.0,5,365,2022-08-02 05:50:04,5.0,0
live1,200072,Evaluation,Evaluation,Direct Funding,2022-08-02 05:50:04,10000.0,100,USD,200.0,150.0,50.0,50,25.0,5,365,2022-08-02 05:50:04,5.0,0
live1,200073,Evaluation,Evaluation,Direct Funding,2022-08-02 05:50:04,10000.0,100,USD,200.0,150.0,50.0,50,25.0,5,365,2022-08-02 05:50:04,5.0,0
live1,200074,Evaluation,Evaluation,Direct Funding,2022-08-02 05:50:04,10000.0,100,USD,200.0,150.0,50.0,50,25.0,5,365,2022-08-02 05:50:04,5.0,0
live1,200075,Evaluation,Evaluation,Direct Funding,2022-08-02 05:50:04,10000.0,100,USD,200.0,150.0,50.0,50,25.0,5,365,2022-08-02 05:50:04,5.0,0
live1,200082,Evaluation,Evaluation,Direct Funding,2022-08-02 05:50:04,10000.0,100,USD,200.0,150.0,50.0,50,25.0,5,365,2022-08-02 05:50:04,5.0,0
live1,200083,Evaluation,Evaluation,Direct Funding,2022-08-02 05:50:04,10000.0,100,USD,200.0,150.0,50.0,50,25.0,5,365,2022-08-02 05:50:04,5.0,0
live1,200084,Evaluation,Evaluation,Direct Funding,2022-08-02 05:50:04,10000.0,100,USD,200.0,150.0,50.0,50,25.0,5,365,2022-08-02 05:50:04,5.0,0
live1,200085,Evaluation,Evaluation,Direct Funding,2022-08-02 05:50:04,10000.0,100,USD,200.0,150.0,50.0,50,25.0,5,365,2022-08-02 05:50:04,5.0,0
live1,200086,Evaluation,Evaluation,Direct Funding,2022-08-02 05:50:04,10000.0,100,USD,200.0,150.0,50.0,50,25.0,5,365,2022-08-02 05:50:04,5.0,0
live1,200087,Evaluation,Evaluation,Direct Funding,2022-08-02 05:50:04,10000.0,100,USD,200.0,150.0,50.0,50,25.0,5,365,2022-08-02 05:50:04,5.0,0
live1,200088,Evaluation,Evaluation,Direct Funding,2022-08-02 05:50:04,10000.0,100,USD,200.0,150.0,50.0,50,25.0,5,365,2022-08-02 05:50:04,5.0,0
live1,200089,Evaluation,Evaluation,Direct Funding,2022-08-02 05:50:04,10000.0,100,USD,200.0,150.0,50.0,50,25.0,5,365,2022-08-02 05:50:04,5.0,0
live1,200092,Evaluation,Evaluation,Direct Funding,2022-08-02 05:50:04,10000.0,100,USD,200.0,150.0,50.0,50,25.0,5,365,2022-08-02 05:50:04,5.0,0
live1,200094,Evaluation,Evaluation,Direct Funding,2022-08-02 05:50:04,10000.0,100,USD,200.0,150.0,50.0,50,25.0,5,365,2022-08-02 05:50:04,5.0,0
live1,200120,Evaluation,Evaluation,Direct Funding,2022-08-02 05:50:04,10000.0,100,USD,200.0,150.0,50.0,50,25.0,5,365,2022-08-02 05:50:04,5.0,0
live1,200123,Evaluation,Evaluation,Direct Funding,2022-08-02 05:50:04,10000.0,100,USD,200.0,150.0,50.0,50,25.0,5,365,2022-08-02 05:50:04,5.0,0
live1,200127,Evaluation,Evaluation,Direct Funding,2022-08-02 05:50:04,10000.0,100,USD,200.0,150.0,50.0,50,25.0,5,365,2022-08-02 05:50:04,5.0,0
live1,200129,Evaluation,Evaluation,Direct Funding,2022-08-02 05:50:04,10000.0,100,USD,200.0,150.0,50.0,50,25.0,5,365,2022-08-02 05:50:04,5.0,0
live1,200130,Evaluation,Evaluation,Direct Funding,2022-08-02 05:50:04,10000.0,100,USD,200.0,150.0,50.0,50,25.0,5,365,2022-08-02 05:50:04,5.0,0
live1,200136,Evaluation,Evaluation,Direct Funding,2022-08-02 05:50:04,10000.0,100,USD,200.0,150.0,50.0,50,25.0,5,365,2022-08-02 05:50:04,5.0,0
live1,200137,Evaluation,Evaluation,Direct Funding,2022-08-02 05:50:04,10000.0,100,USD,200.0,150.0,50.0,50,25.0,5,365,2022-08-02 05:50:04,5.0,0
live1,200138,Evaluation,Evaluation,Direct Funding,2022-08-02 05:50:04,10000.0,100,USD,200.0,150.0,50.0,50,25.0,5,365,2022-08-02 05:50:04,5.0,0
live1,200139,Evaluation,Evaluation,Direct Funding,2022-08-02 05:50:04,10000.0,100,USD,200.0,150.0,50.0,50,25.0,5,365,2022-08-02 05:50:04,5.0,0
live1,200140,Evaluation,Evaluation,Direct Funding,2022-08-02 05:50:04,10000.0,100,USD,200.0,150.0,50.0,50,25.0,5,365,2022-08-02 05:50:04,5.0,0
live1,200167,Evaluation,Evaluation,Direct Funding,2022-08-02 05:50:04,10000.0,100,USD,200.0,150.0,50.0,50,25.0,5,365,2022-08-02 05:50:04,5.0,0
live1,200168,Evaluation,Evaluation,Direct Funding,2022-08-02 05:50:04,10000.0,100,USD,200.0,150.0,50.0,50,25.0,5,365,2022-08-02 05:50:04,5.0,0
live1,200172,Evaluation,Evaluation,Direct Funding,2022-08-02 05:50:04,10000.0,100,USD,200.0,150.0,50.0,50,25.0,5,365,2022-08-02 05:50:04,5.0,0
live1,200173,Evaluation,Evaluation,Direct Funding,2022-08-02 05:50:04,10000.0,100,USD,200.0,150.0,50.0,50,25.0,5,365,2022-08-02 05:50:04,5.0,0
live1,200175,Evaluation,Evaluation,Direct Funding,2022-08-02 05:50:04,10000.0,100,USD,200.0,150.0,50.0,50,25.0,5,365,2022-08-02 05:50:04,5.0,0
live1,200176,Evaluation,Evaluation,Direct Funding,2022-08-02 05:50:04,10000.0,100,USD,200.0,150.0,50.0,50,25.0,5,365,2022-08-02 05:50:04,5.0,0
live1,200177,Evaluation,Evaluation,Direct Funding,2022-08-02 05:50:04,10000.0,100,USD,200.0,150.0,50.0,50,25.0,5,365,2022-08-02 05:50:04,5.0,0
live1,200178,Evaluation,Evaluation,Direct Funding,2022-08-02 05:50:04,10000.0,100,USD,200.0,150.0,50.0,50,25.0,5,365,2022-08-02 05:50:04,5.0,0
live1,200181,Evaluation,Evaluation,Direct Funding,2022-08-02 05:50:04,10000.0,100,USD,200.0,150.0,50.0,50,25.0,5,365,2022-08-02 05:50:04,5.0,0
live1,200182,Evaluation,Evaluation,Direct Funding,2022-08-02 05:50:04,10000.0,100,USD,200.0,150.0,50.0,50,25.0,5,365,2022-08-02 05:50:04,5.0,0
live1,200183,Evaluation,Evaluation,Direct Funding,2022-08-02 05:50:04,10000.0,100,USD,200.0,150.0,50.0,50,25.0,5,365,2022-08-02 05:50:04,5.0,0
live1,200186,Evaluation,Evaluation,Direct Funding,2022-08-02 05:50:04,10000.0,100,USD,200.0,150.0,50.0,50,25.0,5,365,2022-08-02 05:50:04,5.0,0
live1,200187,Evaluation,Evaluation,Direct Funding,2022-08-02 05:50:04,10000.0,100,USD,200.0,150.0,50.0,50,25.0,5,365,2022-08-02 05:50:04,5.0,0
live1,200189,Evaluation,Evaluation,Direct Funding,2022-08-02 05:50:04,10000.0,100,USD,200.0,150.0,50.0,50,25.0,5,365,2022-08-02 05:50:04,5.0,0
live1,200191,Evaluation,Evaluation,Direct Funding,2022-08-02 05:50:04,10000.0,100,USD,200.0,150.0,50.0,50,25.0,5,365,2022-08-02 05:50:04,5.0,0
live1,200192,Evaluation,Evaluation,Direct Funding,2022-08-02 05:50:04,10000.0,100,USD,200.0,150.0,50.0,50,25.0,5,365,2022-08-02 05:50:04,5.0,0
live1,200193,Evaluation,Evaluation,Direct Funding,2022-08-02 05:50:04,10000.0,100,USD,200.0,150.0,50.0,50,25.0,5,365,2022-08-02 05:50:04,5.0,0
live1,200195,Evaluation,Evaluation,Direct Funding,2022-08-02 05:50:04,10000.0,100,USD,200.0,150.0,50.0,50,25.0,5,365,2022-08-02 05:50:04,5.0,0
live1,200197,Evaluation,Evaluation,Direct Funding,2022-08-02 05:50:04,10000.0,100,USD,200.0,150.0,50.0,50,25.0,5,365,2022-08-02 05:50:04,5.0,0
live1,200201,Evaluation,Evaluation,Direct Funding,2022-08-02 05:50:04,10000.0,100,USD,200.0,150.0,50.0,50,25.0,5,365,2022-08-02 05:50:04,5.0,0
live1,200202,Evaluation,Evaluation,Direct Funding,2022-08-02 05:50:04,10000.0,100,USD,200.0,150.0,50.0,50,25.0,5,365,2022-08-02 05:50:04,5.0,0
live1,200205,Evaluation,Evaluation,Direct Funding,2022-08-02 05:50:04,10000.0,100,USD,200.0,150.0,50.0,50,25.0,5,365,2022-08-02 05:50:04,5.0,0
live1,200215,Evaluation,Evaluation,Direct Funding,2022-08-02 05:50:04,10000.0,100,USD,200.0,150.0,50.0,50,25.0,5,365,2022-08-02 05:50:04,5.0,0
live1,200217,Evaluation,Evaluation,Direct Funding,2022-08-02 05:50:04,10000.0,100,USD,200.0,150.0,50.0,50,25.0,5,365,2022-08-02 05:50:04,5.0,0
live1,200221,Evaluation,Evaluation,Direct Funding,2022-08-02 05:50:04,10000.0,100,USD,200.0,150.0,50.0,50,25.0,5,365,2022-08-02 05:50:04,5.0,0
live1,200225,Evaluation,Evaluation,Direct Funding,2022-08-02 05:50:04,10000.0,100,USD,200.0,150.0,50.0,50,25.0,5,365,2022-08-02 05:50:04,5.0,0
live1,200226,Evaluation,Evaluation,Direct Funding,2022-08-02 05:50:04,10000.0,100,USD,200.0,150.0,50.0,50,25.0,5,365,2022-08-02 05:50:04,5.0,0
live1,200230,Evaluation,Evaluation,Direct Funding,2022-08-02 05:50:04,10000.0,100,USD,200.0,150.0,50.0,50,25.0,5,365,2022-08-02 05:50:04,5.0,0
live1,200231,Evaluation,Evaluation,Direct Funding,2022-08-02 05:50:04,10000.0,100,USD,200.0,150.0,50.0,50,25.0,5,365,2022-08-02 05:50:04,5.0,0
live1,200232,Evaluation,Evaluation,Direct Funding,2022-08-02 05:50:04,10000.0,100,USD,200.0,150.0,50.0,50,25.0,5,365,2022-08-02 05:50:04,5.0,0
live1,200233,Evaluation,Evaluation,Direct Funding,2022-08-02 05:50:04,10000.0,100,USD,200.0,150.0,50.0,50,25.0,5,365,2022-08-02 05:50:04,5.0,0
live1,200238,Evaluation,Evaluation,Direct Funding,2022-08-02 05:50:04,10000.0,100,USD,200.0,150.0,50.0,50,25.0,5,365,2022-08-02 05:50:04,5.0,0
live1,200239,Evaluation,Evaluation,Direct Funding,2022-08-02 05:50:04,10000.0,100,USD,200.0,150.0,50.0,50,25.0,5,365,2022-08-02 05:50:04,5.0,0
live1,200248,Evaluation,Evaluation,Direct Funding,2022-08-02 05:50:04,10000.0,100,USD,200.0,150.0,50.0,50,25.0,5,365,2022-08-02 05:50:04,5.0,0
live1,200249,Evaluation,Evaluation,Direct Funding,2022-08-02 05:50:04,10000.0,100,USD,200.0,150.0,50.0,50,25.0,5,365,2022-08-02 05:50:04,5.0,0
live1,200250,Evaluation,Evaluation,Direct Funding,2022-08-02 05:50:04,10000.0,100,USD,200.0,150.0,50.0,50,25.0,5,365,2022-08-02 05:50:04,5.0,0
live1,200252,Evaluation,Evaluation,Direct Funding,2022-08-02 05:50:04,10000.0,100,USD,200.0,150.0,50.0,50,25.0,5,365,2022-08-02 05:50:04,5.0,0
live1,200262,Evaluation,Evaluation,Direct Funding,2022-08-02 05:50:04,10000.0,100,USD,200.0,150.0,50.0,50,25.0,5,365,2022-08-02 05:50:04,5.0,0
live1,200273,Evaluation,Evaluation,Direct Funding,2022-08-02 05:50:04,10000.0,100,USD,200.0,150.0,50.0,50,25.0,5,365,2022-08-02 05:50:04,5.0,0
live1,200280,Evaluation,Evaluation,Direct Funding,2022-08-02 05:50:04,10000.0,100,USD,200.0,150.0,50.0,50,25.0,5,365,2022-08-02 05:50:04,5.0,0
live1,200284,Evaluation,Evaluation,Direct Funding,2022-08-02 05:50:04,10000.0,100,USD,200.0,150.0,50.0,50,25.0,5,365,2022-08-02 05:50:04,5.0,0
live1,200285,Evaluation,Evaluation,Direct Funding,2022-08-02 05:50:04,10000.0,100,USD,200.0,150.0,50.0,50,25.0,5,365,2022-08-02 05:50:04,5.0,0
live1,200289,Evaluation,Evaluation,Direct Funding,2022-08-02 05:50:04,10000.0,100,USD,200.0,150.0,50.0,50,25.0,5,365,2022-08-02 05:50:04,5.0,0
live1,200291,Evaluation,Evaluation,Direct Funding,2022-08-02 05:50:04,10000.0,100,USD,200.0,150.0,50.0,50,25.0,5,365,2022-08-02 05:50:04,5.0,0
live1,200307,Evaluation,Evaluation,Direct Funding,2022-08-02 05:50:04,10000.0,100,USD,200.0,150.0,50.0,50,25.0,5,365,2022-08-02 05:50:04,5.0,0
live1,200316,Evaluation,Evaluation,Direct Funding,2022-08-02 05:50:04,10000.0,100,USD,200.0,150.0,50.0,50,25.0,5,365,2022-08-02 05:50:04,5.0,0
live1,200317,Evaluation,Evaluation,Direct Funding,2022-08-02 05:50:04,10000.0,100,USD,200.0,150.0,50.0,50,25.0,5,365,2022-08-02 05:50:04,5.0,0
live1,200318,Evaluation,Evaluation,Direct Funding,2022-08-02 05:50:04,10000.0,100,USD,200.0,150.0,50.0,50,25.0,5,365,2022-08-02 05:50:04,5.0,0
live1,200322,Evaluation,Evaluation,Direct Funding,2022-08-02 05:50:04,10000.0,100,USD,200.0,150.0,50.0,50,25.0,5,365,2022-08-02 05:50:04,5.0,0
live1,200325,Evaluation,Evaluation,Direct Funding,2022-08-02 05:50:04,10000.0,100,USD,200.0,150.0,50.0,50,25.0,5,365,2022-08-02 05:50:04,5.0,0
live1,200327,Evaluation,Evaluation,Direct Funding,2022-08-02 05:50:04,10000.0,100,USD,200.0,150.0,50.0,50,25.0,5,365,2022-08-02 05:50:04,5.0,0
live1,200329,Evaluation,Evaluation,Direct Funding,2022-08-02 05:50:04,10000.0,100,USD,200.0,150.0,50.0,50,25.0,5,365,2022-08-02 05:50:04,5.0,0
live1,200343,Evaluation,Evaluation,Direct Funding,2022-08-02 05:50:04,10000.0,100,USD,200.0,150.0,50.0,50,25.0,5,365,2022-08-02 05:50:04,5.0,0
live1,200344,Evaluation,Evaluation,Direct Funding,2022-08-02 05:50:04,10000.0,100,USD,200.0,150.0,50.0,50,25.0,5,365,2022-08-02 05:50:04,5.0,0
live1,200345,Evaluation,Evaluation,Direct Funding,2022-08-02 05:50:04,10000.0,100,USD,200.0,150.0,50.0,50,25.0,5,365,2022-08-02 05:50:04,5.0,0
live1,200346,Evaluation,Evaluation,Direct Funding,2022-08-02 05:50:04,10000.0,100,USD,200.0,150.0,50.0,50,25.0,5,365,2022-08-02 05:50:04,5.0,0
live1,200354,Evaluation,Evaluation,Direct Funding,2022-08-02 05:50:04,10000.0,100,USD,200.0,150.0,50.0,50,25.0,5,365,2022-08-02 05:50:04,5.0,0
live1,200355,Evaluation,Evaluation,Direct Funding,2022-08-02 05:50:04,10000.0,100,USD,200.0,150.0,50.0,50,25.0,5,365,2022-08-02 05:50:04,5.0,0
live1,200356,Evaluation,Evaluation,Direct Funding,2022-08-02 05:50:04,10000.0,100,USD,200.0,150.0,50.0,50,25.0,5,365,2022-08-02 05:50:04,5.0,0
live1,200357,Evaluation,Evaluation,Direct Funding,2022-08-02 05:50:04,10000.0,100,USD,200.0,150.0,50.0,50,25.0,5,365,2022-08-02 05:50:04,5.0,0
live1,200358,Evaluation,Evaluation,Direct Funding,2022-08-02 05:50:04,10000.0,100,USD,200.0,150.0,50.0,50,25.0,5,365,2022-08-02 05:50:04,5.0,0
live1,200359,Evaluation,Evaluation,Direct Funding,2022-08-02 05:50:04,10000.0,100,USD,200.0,150.0,50.0,50,25.0,5,365,2022-08-02 05:50:04,5.0,0
live1,200360,Evaluation,Evaluation,Direct Funding,2022-08-02 05:50:04,10000.0,100,USD,200.0,150.0,50.0,50,25.0,5,365,2022-08-02 05:50:04,5.0,0
live1,200361,Evaluation,Evaluation,Direct Funding,2022-08-02 05:50:04,10000.0,100,USD,200.0,150.0,50.0,50,25.0,5,365,2022-08-02 05:50:04,5.0,0
live1,200362,Evaluation,Evaluation,Direct Funding,2022-08-02 05:50:04,10000.0,100,USD,200.0,150.0,50.0,50,25.0,5,365,2022-08-02 05:50:04,5.0,0
live1,200363,Evaluation,Evaluation,Direct Funding,2022-08-02 05:50:04,10000.0,100,USD,200.0,150.0,50.0,50,25.0,5,365,2022-08-02 05:50:04,5.0,0
live1,200364,Evaluation,Evaluation,Direct Funding,2022-08-02 05:50:04,10000.0,100,USD,200.0,150.0,50.0,50,25.0,5,365,2022-08-02 05:50:04,5.0,0
live1,200365,Evaluation,Evaluation,Direct Funding,2022-08-02 05:50:04,10000.0,100,USD,200.0,150.0,50.0,50,25.0,5,365,2022-08-02 05:50:04,5.0,0
live1,200366,Evaluation,Evaluation,Direct Funding,2022-08-02 05:50:04,10000.0,100,USD,200.0,150.0,50.0,50,25.0,5,365,2022-08-02 05:50:04,5.0,0
live1,200367,Evaluation,Evaluation,Direct Funding,2022-08-02 05:50:04,10000.0,100,USD,200.0,150.0,50.0,50,25.0,5,365,2022-08-02 05:50:04,5.0,0
live1,200368,Evaluation,Evaluation,Direct Funding,2022-08-02 05:50:04,10000.0,100,USD,200.0,150.0,50.0,50,25.0,5,365,2022-08-02 05:50:04,5.0,0
live1,200381,Evaluation,Evaluation,Direct Funding,2022-08-02 05:50:04,10000.0,100,USD,200.0,150.0,50.0,50,25.0,5,365,2022-08-02 05:50:04,5.0,0
live1,200382,Evaluation,Evaluation,Direct Funding,2022-08-02 05:50:04,10000.0,100,USD,200.0,150.0,50.0,50,25.0,5,365,2022-08-02 05:50:04,5.0,0
live1,200383,Evaluation,Evaluation,Direct Funding,2022-08-02 05:50:04,10000.0,100,USD,200.0,150.0,50.0,50,25.0,5,365,2022-08-02 05:50:04,5.0,0
live1,200384,Evaluation,Evaluation,Direct Funding,2022-08-02 05:50:04,10000.0,100,USD,200.0,150.0,50.0,50,25.0,5,365,2022-08-02 05:50:04,5.0,0
live1,200385,Evaluation,Evaluation,Direct Funding,2022-08-02 05:50:04,10000.0,100,USD,200.0,150.0,50.0,50,25.0,5,365,2022-08-02 05:50:04,5.0,0
live1,200386,Evaluation,Evaluation,Direct Funding,2022-08-02 05:50:04,10000.0,100,USD,200.0,150.0,50.0,50,25.0,5,365,2022-08-02 05:50:04,5.0,0
live1,200387,Evaluation,Evaluation,Direct Funding,2022-08-02 05:50:04,10000.0,100,USD,200.0,150.0,50.0,50,25.0,5,365,2022-08-02 05:50:04,5.0,0
live1,200394,Evaluation,Evaluation,Direct Funding,2022-08-02 05:50:04,10000.0,100,USD,200.0,150.0,50.0,50,25.0,5,365,2022-08-02 05:50:04,5.0,0
live1,200395,Evaluation,Evaluation,Direct Funding,2022-08-02 05:50:04,10000.0,100,USD,200.0,150.0,50.0,50,25.0,5,365,2022-08-02 05:50:04,5.0,0
live1,200396,Evaluation,Evaluation,Direct Funding,2022-08-02 05:50:04,10000.0,100,USD,200.0,150.0,50.0,50,25.0,5,365,2022-08-02 05:50:04,5.0,0
live1,200397,Evaluation,Evaluation,Direct Funding,2022-08-02 05:50:04,10000.0,100,USD,200.0,150.0,50.0,50,25.0,5,365,2022-08-02 05:50:04,5.0,0
live1,200398,Evaluation,Evaluation,Direct Funding,2022-08-02 05:50:04,10000.0,100,USD,200.0,150.0,50.0,50,25.0,5,365,2022-08-02 05:50:04,5.0,0
live1,200399,Evaluation,Evaluation,Direct Funding,2022-08-02 05:50:04,10000.0,100,USD,200.0,150.0,50.0,50,25.0,5,365,2022-08-02 05:50:04,5.0,0
live1,200400,Evaluation,Evaluation,Direct Funding,2022-08-02 05:50:04,10000.0,100,USD,200.0,150.0,50.0,50,25.0,5,365,2022-08-02 05:50:04,5.0,0
live1,200401,Evaluation,Evaluation,Direct Funding,2022-08-02 05:50:04,10000.0,100,USD,200.0,150.0,50.0,50,25.0,5,365,2022-08-02 05:50:04,5.0,0
live1,200402,Evaluation,Evaluation,Direct Funding,2022-08-02 05:50:04,10000.0,100,USD,200.0,150.0,50.0,50,25.0,5,365,2022-08-02 05:50:04,5.0,0
live1,200403,Evaluation,Evaluation,Direct Funding,2022-08-02 05:50:04,10000.0,100,USD,200.0,150.0,50.0,50,25.0,5,365,2022-08-02 05:50:04,5.0,0
live1,200404,Evaluation,Evaluation,Direct Funding,2022-08-02 05:50:04,10000.0,100,USD,200.0,150.0,50.0,50,25.0,5,365,2022-08-02 05:50:04,5.0,0
live1,200405,Evaluation,Evaluation,Direct Funding,2022-08-02 05:50:04,10000.0,100,USD,200.0,150.0,50.0,50,25.0,5,365,2022-08-02 05:50:04,5.0,0
live1,200406,Evaluation,Evaluation,Direct Funding,2022-08-02 05:50:04,10000.0,100,USD,200.0,150.0,50.0,50,25.0,5,365,2022-08-02 05:50:04,5.0,0
live1,200407,Evaluation,Evaluation,Direct Funding,2022-08-02 05:50:04,10000.0,100,USD,200.0,150.0,50.0,50,25.0,5,365,2022-08-02 05:50:04,5.0,0
live1,200408,Evaluation,Evaluation,Direct Funding,2022-08-02 05:50:04,10000.0,100,USD,200.0,150.0,50.0,50,25.0,5,365,2022-08-02 05:50:04,5.0,0
live1,200409,Evaluation,Evaluation,Direct Funding,2022-08-02 05:50:04,10000.0,100,USD,200.0,150.0,50.0,50,25.0,5,365,2022-08-02 05:50:04,5.0,0
live1,200410,Evaluation,Evaluation,Direct Funding,2022-08-02 05:50:04,10000.0,100,USD,200.0,150.0,50.0,50,25.0,5,365,2022-08-02 05:50:04,5.0,0
live1,200411,Evaluation,Evaluation,Direct Funding,2022-08-02 05:50:04,10000.0,100,USD,200.0,150.0,50.0,50,25.0,5,365,2022-08-02 05:50:04,5.0,0
live1,200412,Evaluation,Evaluation,Direct Funding,2022-08-02 05:50:04,10000.0,100,USD,200.0,150.0,50.0,50,25.0,5,365,2022-08-02 05:50:04,5.0,0
live1,200413,Evaluation,Evaluation,Direct Funding,2022-08-02 05:50:04,10000.0,100,USD,200.0,150.0,50.0,50,25.0,5,365,2022-08-02 05:50:04,5.0,0
live1,200414,Evaluation,Evaluation,Direct Funding,2022-08-02 05:50:04,10000.0,100,USD,200.0,150.0,50.0,50,25.0,5,365,2022-08-02 05:50:04,5.0,0
live1,200415,Evaluation,Evaluation,Direct Funding,2022-08-02 05:50:04,10000.0,100,USD,200.0,150.0,50.0,50,25.0,5,365,2022-08-02 05:50:04,5.0,0
live1,200416,Evaluation,Evaluation,Direct Funding,2022-08-02 05:50:04,10000.0,100,USD,200.0,150.0,50.0,50,25.0,5,365,2022-08-02 05:50:04,5.0,0
live1,200417,Evaluation,Evaluation,Direct Funding,2022-08-02 05:50:04,10000.0,100,USD,200.0,150.0,50.0,50,25.0,5,365,2022-08-02 05:50:04,5.0,0
live1,200418,Evaluation,Evaluation,Direct Funding,2022-08-02 05:50:04,10000.0,100,USD,200.0,150.0,50.0,50,25.0,5,365,2022-08-02 05:50:04,5.0,0
live1,200419,Evaluation,Evaluation,Direct Funding,2022-08-02 05:50:04,10000.0,100,USD,200.0,150.0,50.0,50,25.0,5,365,2022-08-02 05:50:04,5.0,0
live1,200420,Evaluation,Evaluation,Direct Funding,2022-08-02 05:50:04,10000.0,100,USD,200.0,150.0,50.0,50,25.0,5,365,2022-08-02 05:50:04,5.0,0
live1,200421,Evaluation,Evaluation,Direct Funding,2022-08-02 05:50:04,10000.0,100,USD,200.0,150.0,50.0,50,25.0,5,365,2022-08-02 05:50:04,5.0,0
live1,200422,Evaluation,Evaluation,Direct Funding,2022-08-02 05:50:04,10000.0,100,USD,200.0,150.0,50.0,50,25.0,5,365,2022-08-02 05:50:04,5.0,0
live1,200423,Evaluation,Evaluation,Direct Funding,2022-08-02 05:50:04,10000.0,100,USD,200.0,150.0,50.0,50,25.0,5,365,2022-08-02 05:50:04,5.0,0
live1,200424,Evaluation,Evaluation,Direct Funding,2022-08-02 05:50:04,10000.0,100,USD,200.0,150.0,50.0,50,25.0,5,365,2022-08-02 05:50:04,5.0,0
live1,200425,Evaluation,Evaluation,Direct Funding,2022-08-02 05:50:04,10000.0,100,USD,200.0,150.0,50.0,50,25.0,5,365,2022-08-02 05:50:04,5.0,0
live1,200426,Evaluation,Evaluation,Direct Funding,2022-08-02 05:50:04,10000.0,100,USD,200.0,150.0,50.0,50,25.0,5,365,2022-08-02 05:50:04,5.0,0
live1,200427,Evaluation,Evaluation,Direct Funding,2022-08-02 05:50:04,10000.0,100,USD,200.0,150.0,50.0,50,25.0,5,365,2022-08-02 05:50:04,5.0,0
live1,200428,Evaluation,Evaluation,Direct Funding,2022-08-02 05:50:04,10000.0,100,USD,200.0,150.0,50.0,50,25.0,5,365,2022-08-02 05:50:04,5.0,0
live1,200429,Evaluation,Evaluation,Direct Funding,2022-08-02 05:50:04,10000.0,100,USD,200.0,150.0,50.0,50,25.0,5,365,2022-08-02 05:50:04,5.0,0
live1,200430,Evaluation,Evaluation,Direct Funding,2022-08-02 05:50:04,10000.0,100,USD,200.0,150.0,50.0,50,25.0,5,365,2022-08-02 05:50:04,5.0,0
live1,200431,Evaluation,Evaluation,Direct Funding,2022-08-02 05:50:04,10000.0,100,USD,200.0,150.0,50.0,50,25.0,5,365,2022-08-02 05:50:04,5.0,0
live1,200432,Evaluation,Evaluation,Direct Funding,2022-08-02 05:50:04,10000.0,100,USD,200.0,150.0,50.0,50,25.0,5,365,2022-08-02 05:50:04,5.0,0
live1,200433,Evaluation,Evaluation,Direct Funding,2022-08-02 05:50:04,10000.0,100,USD,200.0,150.0,50.0,50,25.0,5,365,2022-08-02 05:50:04,5.0,0
live1,200434,Evaluation,Evaluation,Direct Funding,2022-08-02 05:50:04,10000.0,100,USD,200.0,150.0,50.0,50,25.0,5,365,2022-08-02 05:50:04,5.0,0
live1,200435,Evaluation,Evaluation,Direct Funding,2022-08-02 05:50:04,10000.0,100,USD,200.0,150.0,50.0,50,25.0,5,365,2022-08-02 05:50:04,5.0,0
live1,200436,Evaluation,Evaluation,Direct Funding,2022-08-02 05:50:04,10000.0,100,USD,200.0,150.0,50.0,50,25.0,5,365,2022-08-02 05:50:04,5.0,0
live1,200437,Evaluation,Evaluation,Direct Funding,2022-08-02 05:50:04,10000.0,100,USD,200.0,150.0,50.0,50,25.0,5,365,2022-08-02 05:50:04,5.0,0
live1,200438,Evaluation,Evaluation,Direct Funding,2022-08-02 05:50:04,10000.0,100,USD,200.0,150.0,50.0,50,25.0,5,365,2022-08-02 05:50:04,5.0,0
live1,200439,Evaluation,Evaluation,Direct Funding,2022-08-02 05:50:04,10000.0,100,USD,200.0,150.0,50.0,50,25.0,5,365,2022-08-02 05:50:04,5.0,0
live1,200440,Evaluation,Evaluation,Direct Funding,2022-08-02 05:50:04,10000.0,100,USD,200.0,150.0,50.0,50,25.0,5,365,2022-08-02 05:50:04,5.0,0
live1,200441,Evaluation,Evaluation,Direct Funding,2022-08-02 05:50:04,10000.0,100,USD,200.0,150.0,50.0,50,25.0,5,365,2022-08-02 05:50:04,5.0,0
live1,200442,Evaluation,Evaluation,Direct Funding,2022-08-02 05:50:04,10000.0,100,USD,200.0,150.0,50.0,50,25.0,5,365,2022-08-02 05:50:04,5.0,0
live1,200443,Evaluation,Evaluation,Direct Funding,2022-08-02 05:50:04,10000.0,100,USD,200.0,150.0,50.0,50,25.0,5,365,2022-08-02 05:50:04,5.0,0
live1,200444,Evaluation,Evaluation,Direct Funding,2022-08-02 05:50:04,10000.0,100,USD,200.0,150.0,50.0,50,25.0,5,365,2022-08-02 05:50:04,5.0,0
live1,200445,Evaluation,Evaluation,Direct Funding,2022-08-02 05:50:04,10000.0,100,USD,200.0,150.0,50.0,50,25.0,5,365,2022-08-02 05:50:04,5.0,0
live1,200446,Evaluation,Evaluation,Direct Funding,2022-08-02 05:50:04,10000.0,100,USD,200.0,150.0,50.0,50,25.0,5,365,2022-08-02 05:50:04,5.0,0
live1,200447,Evaluation,Evaluation,Direct Funding,2022-08-02 05:50:04,10000.0,100,USD,200.0,150.0,50.0,50,25.0,5,365,2022-08-02 05:50:04,5.0,0
live1,200448,Evaluation,Evaluation,Direct Funding,2022-08-02 05:50:04,10000.0,100,USD,200.0,150.0,50.0,50,25.0,5,365,2022-08-02 05:50:04,5.0,0
live1,200449,Evaluation,Evaluation,Direct Funding,2022-08-02 05:50:04,10000.0,100,USD,200.0,150.0,50.0,50,25.0,5,365,2022-08-02 05:50:04,5.0,0
live1,200450,Evaluation,Evaluation,Direct Funding,2022-08-02 05:50:04,10000.0,100,USD,200.0,150.0,50.0,50,25.0,5,365,2022-08-02 05:50:04,5.0,0
live1,200451,Evaluation,Evaluation,Direct Funding,2022-08-02 05:50:04,10000.0,100,USD,200.0,150.0,50.0,50,25.0,5,365,2022-08-02 05:50:04,5.0,0
live1,200452,Evaluation,Evaluation,Direct Funding,2022-08-02 05:50:04,10000.0,100,USD,200.0,150.0,50.0,50,25.0,5,365,2022-08-02 05:50:04,5.0,0
live1,200453,Evaluation,Evaluation,Direct Funding,2022-08-02 05:50:04,10000.0,100,USD,200.0,150.0,50.0,50,25.0,5,365,2022-08-02 05:50:04,5.0,0
live1,200454,Evaluation,Evaluation,Direct Funding,2022-08-02 05:50:04,10000.0,100,USD,200.0,150.0,50.0,50,25.0,5,365,2022-08-02 05:50:04,5.0,0
live1,200455,Evaluation,Evaluation,Direct Funding,2022-08-02 05:50:04,10000.0,100,USD,200.0,150.0,50.0,50,25.0,5,365,2022-08-02 05:50:04,5.0,0
live1,200456,Evaluation,Evaluation,Direct Funding,2022-08-02 05:50:04,10000.0,100,USD,200.0,150.0,50.0,50,25.0,5,365,2022-08-02 05:50:04,5.0,0
live1,200457,Evaluation,Evaluation,Direct Funding,2022-08-02 05:50:04,10000.0,100,USD,200.0,150.0,50.0,50,25.0,5,365,2022-08-02 05:50:04,5.0,0
live1,200458,Evaluation,Evaluation,Direct Funding,2022-08-02 05:50:04,10000.0,100,USD,200.0,150.0,50.0,50,25.0,5,365,2022-08-02 05:50:04,5.0,0
live1,200459,Evaluation,Evaluation,Direct Funding,2022-08-02 05:50:04,10000.0,100,USD,200.0,150.0,50.0,50,25.0,5,365,2022-08-02 05:50:04,5.0,0
live1,200460,Evaluation,Evaluation,Direct Funding,2022-08-02 05:50:04,10000.0,100,USD,200.0,150.0,50.0,50,25.0,5,365,2022-08-02 05:50:04,5.0,0
live1,200461,Evaluation,Evaluation,Direct Funding,2022-08-02 05:50:04,10000.0,100,USD,200.0,150.0,50.0,50,25.0,5,365,2022-08-02 05:50:04,5.0,0
live1,200462,Evaluation,Evaluation,Direct Funding,2022-08-02 05:50:04,10000.0,100,USD,200.0,150.0,50.0,50,25.0,5,365,2022-08-02 05:50:04,5.0,0
live1,200463,Evaluation,Evaluation,Direct Funding,2022-08-02 05:50:04,10000.0,100,USD,200.0,150.0,50.0,50,25.0,5,365,2022-08-02 05:50:04,5.0,0
live1,200464,Evaluation,Evaluation,Direct Funding,2022-08-02 05:50:04,10000.0,100,USD,200.0,150.0,50.0,50,25.0,5,365,2022-08-02 05:50:04,5.0,0
live1,200465,Evaluation,Evaluation,Direct Funding,2022-08-02 05:50:04,10000.0,100,USD,200.0,150.0,50.0,50,25.0,5,365,2022-08-02 05:50:04,5.0,0
live1,200466,Evaluation,Evaluation,Direct Funding,2022-08-02 05:50:04,10000.0,100,USD,200.0,150.0,50.0,50,25.0,5,365,2022-08-02 05:50:04,5.0,0
live1,200467,Evaluation,Evaluation,Direct Funding,2022-08-02 05:50:04,10000.0,100,USD,200.0,150.0,50.0,50,25.0,5,365,2022-08-02 05:50:04,5.0,0
live1,200468,Evaluation,Evaluation,Direct Funding,2022-08-02 05:50:04,10000.0,100,USD,200.0,150.0,50.0,50,25.0,5,365,2022-08-02 05:50:04,5.0,0
live1,200469,Evaluation,Evaluation,Direct Funding,2022-08-02 05:50:04,10000.0,100,USD,200.0,150.0,50.0,50,25.0,5,365,2022-08-02 05:50:04,5.0,0
live1,200470,Evaluation,Evaluation,Direct Funding,2022-08-02 05:50:04,10000.0,100,USD,200.0,150.0,50.0,50,25.0,5,365,2022-08-02 05:50:04,5.0,0
live1,200471,Evaluation,Evaluation,Direct Funding,2022-08-02 05:50:04,10000.0,100,USD,200.0,150.0,50.0,50,25.0,5,365,2022-08-02 05:50:04,5.0,0
live1,200472,Evaluation,Evaluation,Direct Funding,2022-08-02 05:50:04,10000.0,100,USD,200.0,150.0,50.0,50,25.0,5,365,2022-08-02 05:50:04,5.0,0
live1,200473,Evaluation,Evaluation,Direct Funding,2022-08-02 05:50:04,10000.0,100,USD,200.0,150.0,50.0,50,25.0,5,365,2022-08-02 05:50:04,5.0,0
live1,200474,Evaluation,Evaluation,Direct Funding,2022-08-02 05:50:04,10000.0,100,USD,200.0,150.0,50.0,50,25.0,5,365,2022-08-02 05:50:04,5.0,0
live1,200475,Evaluation,Evaluation,Direct Funding,2022-08-02 05:50:04,10000.0,100,USD,200.0,150.0,50.0,50,25.0,5,365,2022-08-02 05:50:04,5.0,0
live1,200476,Evaluation,Evaluation,Direct Funding,2022-08-02 05:50:04,10000.0,100,USD,200.0,150.0,50.0,50,25.0,5,365,2022-08-02 05:50:04,5.0,0
live1,200477,Evaluation,Evaluation,Direct Funding,2022-08-02 05:50:04,10000.0,100,USD,200.0,150.0,50.0,50,25.0,5,365,2022-08-02 05:50:04,5.0,0
live1,200478,Evaluation,Evaluation,Direct Funding,2022-08-02 05:50:04,10000.0,100,USD,200.0,150.0,50.0,50,25.0,5,365,2022-08-02 05:50:04,5.0,0
live1,200479,Evaluation,Evaluation,Direct Funding,2022-08-02 05:50:04,10000.0,100,USD,200.0,150.0,50.0,50,25.0,5,365,2022-08-02 05:50:04,5.0,0
live1,200480,Evaluation,Evaluation,Direct Funding,2022-08-02 05:50:04,10000.0,100,USD,200.0,150.0,50.0,50,25.0,5,365,2022-08-02 05:50:04,5.0,0
live1,200481,Evaluation,Evaluation,Direct Funding,2022-08-02 05:50:04,10000.0,100,USD,200.0,150.0,50.0,50,25.0,5,365,2022-08-02 05:50:04,5.0,0
live1,200482,Evaluation,Evaluation,Direct Funding,2022-08-02 05:50:04,10000.0,100,USD,200.0,150.0,50.0,50,25.0,5,365,2022-08-02 05:50:04,5.0,0
live1,200483,Evaluation,Evaluation,Direct Funding,2022-08-02 05:50:04,10000.0,100,USD,200.0,150.0,50.0,50,25.0,5,365,2022-08-02 05:50:04,5.0,0
live1,200484,Evaluation,Evaluation,Direct Funding,2022-08-02 05:50:04,10000.0,100,USD,200.0,150.0,50.0,50,25.0,5,365,2022-08-02 05:50:04,5.0,0
live1,200485,Evaluation,Evaluation,Direct Funding,2022-08-02 05:50:04,10000.0,100,USD,200.0,150.0,50.0,50,25.0,5,365,2022-08-02 05:50:04,5.0,0
live1,200486,Evaluation,Evaluation,Direct Funding,2022-08-02 05:50:04,10000.0,100,USD,200.0,150.0,50.0,50,25.0,5,365,2022-08-02 05:50:04,5.0,0
live1,200487,Evaluation,Evaluation,Direct Funding,2022-08-02 05:50:04,10000.0,100,USD,200.0,150.0,50.0,50,25.0,5,365,2022-08-02 05:50:04,5.0,0
live1,200488,Evaluation,Evaluation,Direct Funding,2022-08-02 05:50:04,10000.0,100,USD,200.0,150.0,50.0,50,25.0,5,365,2022-08-02 05:50:04,5.0,0
live1,200489,Evaluation,Evaluation,Direct Funding,2022-08-02 05:50:04,10000.0,100,USD,200.0,150.0,50.0,50,25.0,5,365,2022-08-02 05:50:04,5.0,0
live1,200490,Evaluation,Evaluation,Direct Funding,2022-08-02 05:50:04,10000.0,100,USD,200.0,150.0,50.0,50,25.0,5,365,2022-08-02 05:50:04,5.0,0
live1,200491,Evaluation,Evaluation,Direct Funding,2022-08-02 05:50:04,10000.0,100,USD,200.0,150.0,50.0,50,25.0,5,365,2022-08-02 05:50:04,5.0,0
live1,200492,Evaluation,Evaluation,Direct Funding,2022-08-02 05:50:04,10000.0,100,USD,200.0,150.0,50.0,50,25.0,5,365,2022-08-02 05:50:04,5.0,0
live1,200493,Evaluation,Evaluation,Direct Funding,2022-08-02 05:50:04,10000.0,100,USD,200.0,150.0,50.0,50,25.0,5,365,2022-08-02 05:50:04,5.0,0
live1,200494,Evaluation,Evaluation,Direct Funding,2022-08-02 05:50:04,10000.0,100,USD,200.0,150.0,50.0,50,25.0,5,365,2022-08-02 05:50:04,5.0,0
live1,200495,Evaluation,Evaluation,Direct Funding,2022-08-02 05:50:04,10000.0,100,USD,200.0,150.0,50.0,50,25.0,5,365,2022-08-02 05:50:04,5.0,0
live1,200496,Evaluation,Evaluation,Direct Funding,2022-08-02 05:50:04,10000.0,100,USD,200.0,150.0,50.0,50,25.0,5,365,2022-08-02 05:50:04,5.0,0
live1,200497,Evaluation,Evaluation,Direct Funding,2022-08-02 05:50:04,10000.0,100,USD,200.0,150.0,50.0,50,25.0,5,365,2022-08-02 05:50:04,5.0,0
live1,200498,Evaluation,Evaluation,Direct Funding,2022-08-02 05:50:04,10000.0,100,USD,200.0,150.0,50.0,50,25.0,5,365,2022-08-02 05:50:04,5.0,0
live1,200499,Evaluation,Evaluation,Direct Funding,2022-08-02 05:50:04,10000.0,100,USD,200.0,150.0,50.0,50,25.0,5,365,2022-08-02 05:50:04,5.0,0
live1,200500,Evaluation,Evaluation,Direct Funding,2022-08-02 05:50:04,10000.0,100,USD,200.0,150.0,50.0,50,25.0,5,365,2022-08-02 05:50:04,5.0,0
live1,200501,Evaluation,Evaluation,Direct Funding,2022-08-02 05:50:04,10000.0,100,USD,200.0,150.0,50.0,50,25.0,5,365,2022-08-02 05:50:04,5.0,0
live1,200502,Evaluation,Evaluation,Direct Funding,2022-08-02 05:50:04,10000.0,100,USD,200.0,150.0,50.0,50,25.0,5,365,2022-08-02 05:50:04,5.0,0
demo,300066,Evaluation,Evaluation,Direct Funding,2022-08-02 05:50:04,10000.0,100,USD,200.0,150.0,50.0,50,25.0,5,365,2022-08-02 05:50:04,5.0,0
demo,300067,Evaluation,Evaluation,Direct Funding,2022-08-02 05:50:04,10000.0,100,USD,200.0,150.0,50.0,50,25.0,5,365,2022-08-02 05:50:04,5.0,0
demo,300070,Evaluation,Evaluation,Direct Funding,2022-08-02 05:50:04,10000.0,100,USD,200.0,150.0,50.0,50,25.0,5,365,2022-08-02 05:50:04,5.0,0
demo,300073,Evaluation,Evaluation,Direct Funding,2022-08-02 05:50:04,10000.0,100,USD,200.0,150.0,50.0,50,25.0,5,365,2022-08-02 05:50:04,5.0,0
demo,300074,Evaluation,Evaluation,Direct Funding,2022-08-02 05:50:04,10000.0,100,USD,200.0,150.0,50.0,50,25.0,5,365,2022-08-02 05:50:04,5.0,0
demo,300075,Evaluation,Evaluation,Direct Funding,2022-08-02 05:50:04,10000.0,100,USD,200.0,150.0,50.0,50,25.0,5,365,2022-08-02 05:50:04,5.0,0
demo,300076,Evaluation,Evaluation,Direct Funding,2022-08-02 05:50:04,10000.0,100,USD,200.0,150.0,50.0,50,25.0,5,365,2022-08-02 05:50:04,5.0,0
demo,300078,Evaluation,Evaluation,Direct Funding,2022-08-02 05:50:04,10000.0,100,USD,200.0,150.0,50.0,50,25.0,5,365,2022-08-02 05:50:04,5.0,0
demo,300079,Evaluation,Evaluation,Direct Funding,2022-08-02 05:50:04,10000.0,100,USD,200.0,150.0,50.0,50,25.0,5,365,2022-08-02 05:50:04,5.0,0
demo,300080,Evaluation,Evaluation,Direct Funding,2022-08-02 05:50:04,10000.0,100,USD,200.0,150.0,50.0,50,25.0,5,365,2022-08-02 05:50:04,5.0,0
demo,300081,Evaluation,Evaluation,Direct Funding,2022-08-02 05:50:04,10000.0,100,USD,200.0,150.0,50.0,50,25.0,5,365,2022-08-02 05:50:04,5.0,0
demo,300082,Evaluation,Evaluation,Direct Funding,2022-08-02 05:50:04,10000.0,100,USD,200.0,150.0,50.0,50,25.0,5,365,2022-08-02 05:50:04,5.0,0
demo,300083,Evaluation,Evaluation,Direct Funding,2022-08-02 05:50:04,10000.0,100,USD,200.0,150.0,50.0,50,25.0,5,365,2022-08-02 05:50:04,5.0,0
demo,300084,Evaluation,Evaluation,Direct Funding,2022-08-02 05:50:04,10000.0,100,USD,200.0,150.0,50.0,50,25.0,5,365,2022-08-02 05:50:04,5.0,0
demo,300085,Evaluation,Evaluation,Direct Funding,2022-08-02 05:50:04,10000.0,100,USD,200.0,150.0,50.0,50,25.0,5,365,2022-08-02 05:50:04,5.0,0
demo,300086,Evaluation,Evaluation,Direct Funding,2022-08-02 05:50:04,10000.0,100,USD,200.0,150.0,50.0,50,25.0,5,365,2022-08-02 05:50:04,5.0,0
demo,300087,Evaluation,Evaluation,Direct Funding,2022-08-02 05:50:04,10000.0,100,USD,200.0,150.0,50.0,50,25.0,5,365,2022-08-02 05:50:04,5.0,0
demo,300088,Evaluation,Evaluation,Direct Funding,2022-08-02 05:50:04,10000.0,100,USD,200.0,150.0,50.0,50,25.0,5,365,2022-08-02 05:50:04,5.0,0
demo,300089,Evaluation,Evaluation,Direct Funding,2022-08-02 05:50:04,10000.0,100,USD,200.0,150.0,50.0,50,25.0,5,365,2022-08-02 05:50:04,5.0,0
demo,300090,Evaluation,Evaluation,Direct Funding,2022-08-02 05:50:04,10000.0,100,USD,200.0,150.0,50.0,50,25.0,5,365,2022-08-02 05:50:04,5.0,0
demo,300091,Evaluation,Evaluation,Direct Funding,2022-08-02 05:50:04,10000.0,100,USD,200.0,150.0,50.0,50,25.0,5,365,2022-08-02 05:50:04,5.0,0
demo,300092,Evaluation,Evaluation,Direct Funding,2022-08-02 05:50:04,10000.0,100,USD,200.0,150.0,50.0,50,25.0,5,365,2022-08-02 05:50:04,5.0,0
demo,300093,Evaluation,Evaluation,Direct Funding,2022-08-02 05:50:04,10000.0,100,USD,200.0,150.0,50.0,50,25.0,5,365,2022-08-02 05:50:04,5.0,0
demo,300094,Evaluation,Evaluation,Direct Funding,2022-08-02 05:50:04,10000.0,100,USD,200.0,150.0,50.0,50,25.0,5,365,2022-08-02 05:50:04,5.0,0
demo,300095,Evaluation,Evaluation,Direct Funding,2022-08-02 05:50:04,10000.0,100,USD,200.0,150.0,50.0,50,25.0,5,365,2022-08-02 05:50:04,5.0,0
demo,300096,Evaluation,Evaluation,Direct Funding,2022-08-02 05:50:04,10000.0,100,USD,200.0,150.0,50.0,50,25.0,5,365,2022-08-02 05:50:04,5.0,0
demo,300097,Evaluation,Evaluation,Direct Funding,2022-08-02 05:50:04,10000.0,100,USD,200.0,150.0,50.0,50,25.0,5,365,2022-08-02 05:50:04,5.0,0
demo,300098,Evaluation,Evaluation,Direct Funding,2022-08-02 05:50:04,10000.0,100,USD,200.0,150.0,50.0,50,25.0,5,365,2022-08-02 05:50:04,5.0,0
demo,300099,Evaluation,Evaluation,Direct Funding,2022-08-02 05:50:04,10000.0,100,USD,200.0,150.0,50.0,50,25.0,5,365,2022-08-02 05:50:04,5.0,0
demo,300100,Evaluation,Evaluation,Direct Funding,2022-08-02 05:50:04,10000.0,100,USD,200.0,150.0,50.0,50,25.0,5,365,2022-08-02 05:50:04,5.0,0
demo,300101,Evaluation,Evaluation,Direct Funding,2022-08-02 05:50:04,10000.0,100,USD,200.0,150.0,50.0,50,25.0,5,365,2022-08-02 05:50:04,5.0,0
demo,300102,Evaluation,Evaluation,Direct Funding,2022-08-02 05:50:04,10000.0,100,USD,200.0,150.0,50.0,50,25.0,5,365,2022-08-02 05:50:04,5.0,0
demo,300103,Evaluation,Evaluation,Direct Funding,2022-08-02 05:50:04,10000.0,100,USD,200.0,150.0,50.0,50,25.0,5,365,2022-08-02 05:50:04,5.0,0
demo,300104,Evaluation,Evaluation,Direct Funding,2022-08-02 05:50:04,10000.0,100,USD,200.0,150.0,50.0,50,25.0,5,365,2022-08-02 05:50:04,5.0,0
demo,300105,Evaluation,Evaluation,Direct Funding,2022-08-02 05:50:04,10000.0,100,USD,200.0,150.0,50.0,50,25.0,5,365,2022-08-02 05:50:04,5.0,0
demo,300106,Evaluation,Evaluation,Direct Funding,2022-08-02 05:50:04,10000.0,100,USD,200.0,150.0,50.0,50,25.0,5,365,2022-08-02 05:50:04,5.0,0
demo,300107,Evaluation,Evaluation,Direct Funding,2022-08-02 05:50:04,10000.0,100,USD,200.0,150.0,50.0,50,25.0,5,365,2022-08-02 05:50:04,5.0,0
demo,300108,Evaluation,Evaluation,Direct Funding,2022-08-02 05:50:04,10000.0,100,USD,200.0,150.0,50.0,50,25.0,5,365,2022-08-02 05:50:04,5.0,0
demo,300109,Evaluation,Evaluation,Direct Funding,2022-08-02 05:50:04,10000.0,100,USD,200.0,150.0,50.0,50,25.0,5,365,2022-08-02 05:50:04,5.0,0
demo,300110,Evaluation,Evaluation,Direct Funding,2022-08-02 05:50:04,10000.0,100,USD,200.0,150.0,50.0,50,25.0,5,365,2022-08-02 05:50:04,5.0,0
demo,300111,Evaluation,Evaluation,Direct Funding,2022-08-02 05:50:04,10000.0,100,USD,200.0,150.0,50.0,50,25.0,5,365,2022-08-02 05:50:04,5.0,0
demo,300112,Evaluation,Evaluation,Direct Funding,2022-08-02 05:50:04,10000.0,100,USD,200.0,150.0,50.0,50,25.0,5,365,2022-08-02 05:50:04,5.0,0
demo,300113,Evaluation,Evaluation,Direct Funding,2022-08-02 05:50:04,10000.0,100,USD,200.0,150.0,50.0,50,25.0,5,365,2022-08-02 05:50:04,5.0,0
demo,300114,Evaluation,Evaluation,Direct Funding,2022-08-02 05:50:04,10000.0,100,USD,200.0,150.0,50.0,50,25.0,5,365,2022-08-02 05:50:04,5.0,0
demo,300115,Evaluation,Evaluation,Direct Funding,2022-08-02 05:50:04,10000.0,100,USD,200.0,150.0,50.0,50,25.0,5,365,2022-08-02 05:50:04,5.0,0
demo,300116,Evaluation,Evaluation,Direct Funding,2022-08-02 05:50:04,10000.0,100,USD,200.0,150.0,50.0,50,25.0,5,365,2022-08-02 05:50:04,5.0,0
demo,300117,Evaluation,Evaluation,Direct Funding,2022-08-02 05:50:04,10000.0,100,USD,200.0,150.0,50.0,50,25.0,5,365,2022-08-02 05:50:04,5.0,0
demo,300118,Evaluation,Evaluation,Direct Funding,2022-08-02 05:50:04,10000.0,100,USD,200.0,150.0,50.0,50,25.0,5,365,2022-08-02 05:50:04,5.0,0
demo,300119,Evaluation,Evaluation,Direct Funding,2022-08-02 05:50:04,10000.0,100,USD,200.0,150.0,50.0,50,25.0,5,365,2022-08-02 05:50:04,5.0,0
demo,300120,Evaluation,Evaluation,Direct Funding,2022-08-02 05:50:04,10000.0,100,USD,200.0,150.0,50.0,50,25.0,5,365,2022-08-02 05:50:04,5.0,0
demo,300121,Evaluation,Evaluation,Direct Funding,2022-08-02 05:50:04,10000.0,100,USD,200.0,150.0,50.0,50,25.0,5,365,2022-08-02 05:50:04,5.0,0
demo,300122,Evaluation,Evaluation,Direct Funding,2022-08-02 05:50:04,10000.0,100,USD,200.0,150.0,50.0,50,25.0,5,365,2022-08-02 05:50:04,5.0,0
demo,300123,Evaluation,Evaluation,Direct Funding,2022-08-02 05:50:04,10000.0,100,USD,200.0,150.0,50.0,50,25.0,5,365,2022-08-02 05:50:04,5.0,0
demo,300124,Evaluation,Evaluation,Direct Funding,2022-08-02 05:50:04,10000.0,100,USD,200.0,150.0,50.0,50,25.0,5,365,2022-08-02 05:50:04,5.0,0
demo,300125,Evaluation,Evaluation,Direct Funding,2022-08-02 05:50:04,10000.0,100,USD,200.0,150.0,50.0,50,25.0,5,365,2022-08-02 05:50:04,5.0,0
demo,300126,Evaluation,Evaluation,Direct Funding,2022-08-02 05:50:04,10000.0,100,USD,200.0,150.0,50.0,50,25.0,5,365,2022-08-02 05:50:04,5.0,0
demo,300127,Evaluation,Evaluation,Direct Funding,2022-08-02 05:50:04,10000.0,100,USD,200.0,150.0,50.0,50,25.0,5,365,2022-08-02 05:50:04,5.0,0
demo,300128,Evaluation,Evaluation,Direct Funding,2022-08-02 05:50:04,10000.0,100,USD,200.0,150.0,50.0,50,25.0,5,365,2022-08-02 05:50:04,5.0,0
demo,300129,Evaluation,Evaluation,Direct Funding,2022-08-02 05:50:04,10000.0,100,USD,200.0,150.0,50.0,50,25.0,5,365,2022-08-02 05:50:04,5.0,0
demo,300130,Evaluation,Evaluation,Direct Funding,2022-08-02 05:50:04,10000.0,100,USD,200.0,150.0,50.0,50,25.0,5,365,2022-08-02 05:50:04,5.0,0
demo,300131,Evaluation,Evaluation,Direct Funding,2022-08-02 05:50:04,10000.0,100,USD,200.0,150.0,50.0,50,25.0,5,365,2022-08-02 05:50:04,5.0,0
demo,300132,Evaluation,Evaluation,Direct Funding,2022-08-02 05:50:04,10000.0,100,USD,200.0,150.0,50.0,50,25.0,5,365,2022-08-02 05:50:04,5.0,0
demo,300133,Evaluation,Evaluation,Direct Funding,2022-08-02 05:50:04,10000.0,100,USD,200.0,150.0,50.0,50,25.0,5,365,2022-08-02 05:50:04,5.0,0
demo,300134,Evaluation,Evaluation,Direct Funding,2022-08-02 05:50:04,10000.0,100,USD,200.0,150.0,50.0,50,25.0,5,365,2022-08-02 05:50:04,5.0,0
demo,300135,Evaluation,Evaluation,Direct Funding,2022-08-02 05:50:04,10000.0,100,USD,200.0,150.0,50.0,50,25.0,5,365,2022-08-02 05:50:04,5.0,0
demo,300136,Evaluation,Evaluation,Direct Funding,2022-08-02 05:50:04,10000.0,100,USD,200.0,150.0,50.0,50,25.0,5,365,2022-08-02 05:50:04,5.0,0
demo,300137,Evaluation,Evaluation,Direct Funding,2022-08-02 05:50:04,10000.0,100,USD,200.0,150.0,50.0,50,25.0,5,365,2022-08-02 05:50:04,5.0,0
demo,300138,Evaluation,Evaluation,Direct Funding,2022-08-02 05:50:04,10000.0,100,USD,200.0,150.0,50.0,50,25.0,5,365,2022-08-02 05:50:04,5.0,0
demo,300139,Evaluation,Evaluation,Direct Funding,2022-08-02 05:50:04,10000.0,100,USD,200.0,150.0,50.0,50,25.0,5,365,2022-08-02 05:50:04,5.0,0
demo,300140,Evaluation,Evaluation,Direct Funding,2022-08-02 05:50:04,10000.0,100,USD,200.0,150.0,50.0,50,25.0,5,365,2022-08-02 05:50:04,5.0,0
demo,300141,Evaluation,Evaluation,Direct Funding,2022-08-02 05:50:04,10000.0,100,USD,200.0,150.0,50.0,50,25.0,5,365,2022-08-02 05:50:04,5.0,0
demo,300142,Evaluation,Evaluation,Direct Funding,2022-08-02 05:50:04,10000.0,100,USD,200.0,150.0,50.0,50,25.0,5,365,2022-08-02 05:50:04,5.0,0
demo,300143,Evaluation,Evaluation,Direct Funding,2022-08-02 05:50:04,10000.0,100,USD,200.0,150.0,50.0,50,25.0,5,365,2022-08-02 05:50:04,5.0,0
demo,300144,Evaluation,Evaluation,Direct Funding,2022-08-02 05:50:04,10000.0,100,USD,200.0,150.0,50.0,50,25.0,5,365,2022-08-02 05:50:04,5.0,0
demo,300145,Evaluation,Evaluation,Direct Funding,2022-08-02 05:50:04,10000.0,100,USD,200.0,150.0,50.0,50,25.0,5,365,2022-08-02 05:50:04,5.0,0
demo,300146,Evaluation,Evaluation,Direct Funding,2022-08-02 05:50:04,10000.0,100,USD,200.0,150.0,50.0,50,25.0,5,365,2022-08-02 05:50:04,5.0,0
demo,300147,Evaluation,Evaluation,Direct Funding,2022-08-02 05:50:04,10000.0,100,USD,200.0,150.0,50.0,50,25.0,5,365,2022-08-02 05:50:04,5.0,0
demo,300148,Evaluation,Evaluation,Direct Funding,2022-08-02 05:50:04,10000.0,100,USD,200.0,150.0,50.0,50,25.0,5,365,2022-08-02 05:50:04,5.0,0
demo,300149,Evaluation,Evaluation,Direct Funding,2022-08-02 05:50:04,10000.0,100,USD,200.0,150.0,50.0,50,25.0,5,365,2022-08-02 05:50:04,5.0,0
demo,300150,Evaluation,Evaluation,Direct Funding,2022-08-02 05:50:04,10000.0,100,USD,200.0,150.0,50.0,50,25.0,5,365,2022-08-02 05:50:04,5.0,0
demo,300151,Evaluation,Evaluation,Direct Funding,2022-08-02 05:50:04,10000.0,100,USD,200.0,150.0,50.0,50,25.0,5,365,2022-08-02 05:50:04,5.0,0
demo,300152,Evaluation,Evaluation,Direct Funding,2022-08-02 05:50:04,10000.0,100,USD,200.0,150.0,50.0,50,25.0,5,365,2022-08-02 05:50:04,5.0,0
demo,300153,Evaluation,Evaluation,Direct Funding,2022-08-02 05:50:04,10000.0,100,USD,200.0,150.0,50.0,50,25.0,5,365,2022-08-02 05:50:04,5.0,0
demo,300154,Evaluation,Evaluation,Direct Funding,2022-08-02 05:50:04,10000.0,100,USD,200.0,150.0,50.0,50,25.0,5,365,2022-08-02 05:50:04,5.0,0
demo,300155,Evaluation,Evaluation,Direct Funding,2022-08-02 05:50:04,10000.0,100,USD,200.0,150.0,50.0,50,25.0,5,365,2022-08-02 05:50:04,5.0,0
demo,300157,Evaluation,Evaluation,Direct Funding,2022-08-02 05:50:04,10000.0,100,USD,200.0,150.0,50.0,50,25.0,5,365,2022-08-02 05:50:04,5.0,0
demo,300158,Evaluation,Evaluation,Direct Funding,2022-08-02 05:50:04,10000.0,100,USD,200.0,150.0,50.0,50,25.0,5,365,2022-08-02 05:50:04,5.0,0
demo,300159,Evaluation,Evaluation,Direct Funding,2022-08-02 05:50:04,10000.0,100,USD,200.0,150.0,50.0,50,25.0,5,365,2022-08-02 05:50:04,5.0,0
demo,300160,Evaluation,Evaluation,Direct Funding,2022-08-02 05:50:04,10000.0,100,USD,200.0,150.0,50.0,50,25.0,5,365,2022-08-02 05:50:04,5.0,0
demo,300161,Evaluation,Evaluation,Direct Funding,2022-08-02 05:50:04,10000.0,100,USD,200.0,150.0,50.0,50,25.0,5,365,2022-08-02 05:50:04,5.0,0
demo,300162,Evaluation,Evaluation,Direct Funding,2022-08-02 05:50:04,10000.0,100,USD,200.0,150.0,50.0,50,25.0,5,365,2022-08-02 05:50:04,5.0,0
demo,300163,Evaluation,Evaluation,Direct Funding,2022-08-02 05:50:04,10000.0,100,USD,200.0,150.0,50.0,50,25.0,5,365,2022-08-02 05:50:04,5.0,0
demo,300164,Evaluation,Evaluation,Direct Funding,2022-08-02 05:50:04,10000.0,100,USD,200.0,150.0,50.0,50,25.0,5,365,2022-08-02 05:50:04,5.0,0
demo,300165,Evaluation,Evaluation,Direct Funding,2022-08-02 05:50:04,10000.0,100,USD,200.0,150.0,50.0,50,25.0,5,365,2022-08-02 05:50:04,5.0,0
live1,300167,Evaluation,Evaluation,Direct Funding,2022-08-02 05:50:04,10000.0,100,USD,200.0,150.0,50.0,50,25.0,5,365,2022-08-02 05:50:04,5.0,0
demo,300168,Evaluation,Evaluation,Direct Funding,2022-08-02 05:50:04,10000.0,100,USD,200.0,150.0,50.0,50,25.0,5,365,2022-08-02 05:50:04,5.0,0
demo,300169,Evaluation,Evaluation,Direct Funding,2022-08-02 05:50:04,10000.0,100,USD,200.0,150.0,50.0,50,25.0,5,365,2022-08-02 05:50:04,5.0,0
demo,300170,Evaluation,Evaluation,Direct Funding,2022-08-02 05:50:04,10000.0,100,USD,200.0,150.0,50.0,50,25.0,5,365,2022-08-02 05:50:04,5.0,0
demo,300171,Evaluation,Evaluation,Direct Funding,2022-08-02 05:50:04,10000.0,100,USD,200.0,150.0,50.0,50,25.0,5,365,2022-08-02 05:50:04,5.0,0
demo,300172,Evaluation,Evaluation,Direct Funding,2022-08-02 05:50:04,10000.0,100,USD,200.0,150.0,50.0,50,25.0,5,365,2022-08-02 05:50:04,5.0,0
demo,300173,Evaluation,Evaluation,Direct Funding,2022-08-02 05:50:04,10000.0,100,USD,200.0,150.0,50.0,50,25.0,5,365,2022-08-02 05:50:04,5.0,0
demo,300174,Evaluation,Evaluation,Direct Funding,2022-08-02 05:50:04,10000.0,100,USD,200.0,150.0,50.0,50,25.0,5,365,2022-08-02 05:50:04,5.0,0
demo,300175,Evaluation,Evaluation,Direct Funding,2022-08-02 05:50:04,10000.0,100,USD,200.0,150.0,50.0,50,25.0,5,365,2022-08-02 05:50:04,5.0,0
demo,300176,Evaluation,Evaluation,Direct Funding,2022-08-02 05:50:04,10000.0,100,USD,200.0,150.0,50.0,50,25.0,5,365,2022-08-02 05:50:04,5.0,0
demo,300177,Evaluation,Evaluation,Direct Funding,2022-08-02 05:50:04,10000.0,100,USD,200.0,150.0,50.0,50,25.0,5,365,2022-08-02 05:50:04,5.0,0
demo,300178,Evaluation,Evaluation,Direct Funding,2022-08-02 05:50:04,10000.0,100,USD,200.0,150.0,50.0,50,25.0,5,365,2022-08-02 05:50:04,5.0,0
demo,300179,Evaluation,Evaluation,Direct Funding,2022-08-02 05:50:04,10000.0,100,USD,200.0,150.0,50.0,50,25.0,5,365,2022-08-02 05:50:04,5.0,0
demo,300180,Evaluation,Evaluation,Direct Funding,2022-08-02 05:50:04,10000.0,100,USD,200.0,150.0,50.0,50,25.0,5,365,2022-08-02 05:50:04,5.0,0
demo,300181,Evaluation,Evaluation,Direct Funding,2022-08-02 05:50:04,10000.0,100,USD,200.0,150.0,50.0,50,25.0,5,365,2022-08-02 05:50:04,5.0,0
demo,300182,Evaluation,Evaluation,Direct Funding,2022-08-02 05:50:04,10000.0,100,USD,200.0,150.0,50.0,50,25.0,5,365,2022-08-02 05:50:04,5.0,0
demo,300183,Evaluation,Evaluation,Direct Funding,2022-08-02 05:50:04,10000.0,100,USD,200.0,150.0,50.0,50,25.0,5,365,2022-08-02 05:50:04,5.0,0
demo,300184,Evaluation,Evaluation,Direct Funding,2022-08-02 05:50:04,10000.0,100,USD,200.0,150.0,50.0,50,25.0,5,365,2022-08-02 05:50:04,5.0,0
demo,300185,Evaluation,Evaluation,Direct Funding,2022-08-02 05:50:04,10000.0,100,USD,200.0,150.0,50.0,50,25.0,5,365,2022-08-02 05:50:04,5.0,0
demo,300186,Evaluation,Evaluation,Direct Funding,2022-08-02 05:50:04,10000.0,100,USD,200.0,150.0,50.0,50,25.0,5,365,2022-08-02 05:50:04,5.0,0
demo,300187,Evaluation,Evaluation,Direct Funding,2022-08-02 05:50:04,10000.0,100,USD,200.0,150.0,50.0,50,25.0,5,365,2022-08-02 05:50:04,5.0,0
demo,300188,Evaluation,Evaluation,Direct Funding,2022-08-02 05:50:04,10000.0,100,USD,200.0,150.0,50.0,50,25.0,5,365,2022-08-02 05:50:04,5.0,0
demo,300189,Evaluation,Evaluation,Direct Funding,2022-08-02 05:50:04,10000.0,100,USD,200.0,150.0,50.0,50,25.0,5,365,2022-08-02 05:50:04,5.0,0
demo,300190,Evaluation,Evaluation,Direct Funding,2022-08-02 05:50:04,10000.0,100,USD,200.0,150.0,50.0,50,25.0,5,365,2022-08-02 05:50:04,5.0,0
demo,300191,Evaluation,Evaluation,Direct Funding,2022-08-02 05:50:04,10000.0,100,USD,200.0,150.0,50.0,50,25.0,5,365,2022-08-02 05:50:04,5.0,0
demo,300192,Evaluation,Evaluation,Direct Funding,2022-08-02 05:50:04,10000.0,100,USD,200.0,150.0,50.0,50,25.0,5,365,2022-08-02 05:50:04,5.0,0
demo,300193,Evaluation,Evaluation,Direct Funding,2022-08-02 05:50:04,10000.0,100,USD,200.0,150.0,50.0,50,25.0,5,365,2022-08-02 05:50:04,5.0,0
demo,300194,Evaluation,Evaluation,Direct Funding,2022-08-02 05:50:04,10000.0,100,USD,200.0,150.0,50.0,50,25.0,5,365,2022-08-02 05:50:04,5.0,0
demo,300195,Evaluation,Evaluation,Direct Funding,2022-08-02 05:50:04,10000.0,100,USD,200.0,150.0,50.0,50,25.0,5,365,2022-08-02 05:50:04,5.0,0
demo,300196,Evaluation,Evaluation,Direct Funding,2022-08-02 05:50:04,10000.0,100,USD,200.0,150.0,50.0,50,25.0,5,365,2022-08-02 05:50:04,5.0,0
demo,300197,Evaluation,Evaluation,Direct Funding,2022-08-02 05:50:04,10000.0,100,USD,200.0,150.0,50.0,50,25.0,5,365,2022-08-02 05:50:04,5.0,0
demo,300198,Evaluation,Evaluation,Direct Funding,2022-08-02 05:50:04,10000.0,100,USD,200.0,150.0,50.0,50,25.0,5,365,2022-08-02 05:50:04,5.0,0
demo,300199,Evaluation,Evaluation,Direct Funding,2022-08-02 05:50:04,10000.0,100,USD,200.0,150.0,50.0,50,25.0,5,365,2022-08-02 05:50:04,5.0,0
demo,300200,Evaluation,Evaluation,Direct Funding,2022-08-02 05:50:04,10000.0,100,USD,200.0,150.0,50.0,50,25.0,5,365,2022-08-02 05:50:04,5.0,0
demo,300201,Evaluation,Evaluation,Direct Funding,2022-08-02 05:50:04,10000.0,100,USD,200.0,150.0,50.0,50,25.0,5,365,2022-08-02 05:50:04,5.0,0
demo,300202,Evaluation,Evaluation,Direct Funding,2022-08-02 05:50:04,10000.0,100,USD,200.0,150.0,50.0,50,25.0,5,365,2022-08-02 05:50:04,5.0,0
demo,300203,Evaluation,Evaluation,Direct Funding,2022-08-02 05:50:04,10000.0,100,USD,200.0,150.0,50.0,50,25.0,5,365,2022-08-02 05:50:04,5.0,0
demo,300204,Evaluation,Evaluation,Direct Funding,2022-08-02 05:50:04,10000.0,100,USD,200.0,150.0,50.0,50,25.0,5,365,2022-08-02 05:50:04,5.0,0
demo,300205,Evaluation,Evaluation,Direct Funding,2022-08-02 05:50:04,10000.0,100,USD,200.0,150.0,50.0,50,25.0,5,365,2022-08-02 05:50:04,5.0,0
demo,300206,Evaluation,Evaluation,Direct Funding,2022-08-02 05:50:04,10000.0,100,USD,200.0,150.0,50.0,50,25.0,5,365,2022-08-02 05:50:04,5.0,0
demo,300207,Evaluation,Evaluation,Direct Funding,2022-08-02 05:50:04,10000.0,100,USD,200.0,150.0,50.0,50,25.0,5,365,2022-08-02 05:50:04,5.0,0
demo,300208,Evaluation,Evaluation,Direct Funding,2022-08-02 05:50:04,10000.0,100,USD,200.0,150.0,50.0,50,25.0,5,365,2022-08-02 05:50:04,5.0,0
demo,300209,Evaluation,Evaluation,Direct Funding,2022-08-02 05:50:04,10000.0,100,USD,200.0,150.0,50.0,50,25.0,5,365,2022-08-02 05:50:04,5.0,0
demo,300210,Evaluation,Evaluation,Direct Funding,2022-08-02 05:50:04,10000.0,100,USD,200.0,150.0,50.0,50,25.0,5,365,2022-08-02 05:50:04,5.0,0
demo,300211,Evaluation,Evaluation,Direct Funding,2022-08-02 05:50:04,10000.0,100,USD,200.0,150.0,50.0,50,25.0,5,365,2022-08-02 05:50:04,5.0,0
demo,300212,Evaluation,Evaluation,Direct Funding,2022-08-02 05:50:04,10000.0,100,USD,200.0,150.0,50.0,50,25.0,5,365,2022-08-02 05:50:04,5.0,0
demo,300213,Evaluation,Evaluation,Direct Funding,2022-08-02 05:50:04,10000.0,100,USD,200.0,150.0,50.0,50,25.0,5,365,2022-08-02 05:50:04,5.0,0
demo,300214,Evaluation,Evaluation,Direct Funding,2022-08-02 05:50:04,10000.0,100,USD,200.0,150.0,50.0,50,25.0,5,365,2022-08-02 05:50:04,5.0,0
demo,300215,Evaluation,Evaluation,Direct Funding,2022-08-02 05:50:04,10000.0,100,USD,200.0,150.0,50.0,50,25.0,5,365,2022-08-02 05:50:04,5.0,0
demo,300216,Evaluation,Evaluation,Direct Funding,2022-08-02 05:50:04,10000.0,100,USD,200.0,150.0,50.0,50,25.0,5,365,2022-08-02 05:50:04,5.0,0
demo,300217,Evaluation,Evaluation,Direct Funding,2022-08-02 05:50:04,10000.0,100,USD,200.0,150.0,50.0,50,25.0,5,365,2022-08-02 05:50:04,5.0,0
demo,300218,Evaluation,Evaluation,Direct Funding,2022-08-02 05:50:04,10000.0,100,USD,200.0,150.0,50.0,50,25.0,5,365,2022-08-02 05:50:04,5.0,0
demo,300219,Evaluation,Evaluation,Direct Funding,2022-08-02 05:50:04,10000.0,100,USD,200.0,150.0,50.0,50,25.0,5,365,2022-08-02 05:50:04,5.0,0
demo,300220,Evaluation,Evaluation,Direct Funding,2022-08-02 05:50:04,10000.0,100,USD,200.0,150.0,50.0,50,25.0,5,365,2022-08-02 05:50:04,5.0,0
demo,300221,Evaluation,Evaluation,Direct Funding,2022-08-02 05:50:04,10000.0,100,USD,200.0,150.0,50.0,50,25.0,5,365,2022-08-02 05:50:04,5.0,0
demo,300222,Evaluation,Evaluation,Direct Funding,2022-08-02 05:50:04,10000.0,100,USD,200.0,150.0,50.0,50,25.0,5,365,2022-08-02 05:50:04,5.0,0
demo,300223,Evaluation,Evaluation,Direct Funding,2022-08-02 05:50:04,10000.0,100,USD,200.0,150.0,50.0,50,25.0,5,365,2022-08-02 05:50:04,5.0,0
demo,300224,Evaluation,Evaluation,Direct Funding,2022-08-02 05:50:04,10000.0,100,USD,200.0,150.0,50.0,50,25.0,5,365,2022-08-02 05:50:04,5.0,0
demo,300225,Evaluation,Evaluation,Direct Funding,2022-08-02 05:50:04,10000.0,100,USD,200.0,150.0,50.0,50,25.0,5,365,2022-08-02 05:50:04,5.0,0
demo,300226,Evaluation,Evaluation,Direct Funding,2022-08-02 05:50:04,10000.0,100,USD,200.0,150.0,50.0,50,25.0,5,365,2022-08-02 05:50:04,5.0,0
demo,300227,Evaluation,Evaluation,Direct Funding,2022-08-02 05:50:04,10000.0,100,USD,200.0,150.0,50.0,50,25.0,5,365,2022-08-02 05:50:04,5.0,0
demo,300228,Evaluation,Evaluation,Direct Funding,2022-08-02 05:50:04,10000.0,100,USD,200.0,150.0,50.0,50,25.0,5,365,2022-08-02 05:50:04,5.0,0
demo,300229,Evaluation,Evaluation,Direct Funding,2022-08-02 05:50:04,10000.0,100,USD,200.0,150.0,50.0,50,25.0,5,365,2022-08-02 05:50:04,5.0,0
demo,300230,Evaluation,Evaluation,Direct Funding,2022-08-02 05:50:04,10000.0,100,USD,200.0,150.0,50.0,50,25.0,5,365,2022-08-02 05:50:04,5.0,0
demo,300231,Evaluation,Evaluation,Direct Funding,2022-08-02 05:50:04,10000.0,100,USD,200.0,150.0,50.0,50,25.0,5,365,2022-08-02 05:50:04,5.0,0
demo,300232,Evaluation,Evaluation,Direct Funding,2022-08-02 05:50:04,10000.0,100,USD,200.0,150.0,50.0,50,25.0,5,365,2022-08-02 05:50:04,5.0,0
demo,300233,Evaluation,Evaluation,Direct Funding,2022-08-02 05:50:04,10000.0,100,USD,200.0,150.0,50.0,50,25.0,5,365,2022-08-02 05:50:04,5.0,0
demo,300234,Evaluation,Evaluation,Direct Funding,2022-08-02 05:50:04,10000.0,100,USD,200.0,150.0,50.0,50,25.0,5,365,2022-08-02 05:50:04,5.0,0
demo,300235,Evaluation,Evaluation,Direct Funding,2022-08-02 05:50:04,10000.0,100,USD,200.0,150.0,50.0,50,25.0,5,365,2022-08-02 05:50:04,5.0,0
demo,300236,Evaluation,Evaluation,Direct Funding,2022-08-02 05:50:04,10000.0,100,USD,200.0,150.0,50.0,50,25.0,5,365,2022-08-02 05:50:04,5.0,0
demo,300237,Evaluation,Evaluation,Direct Funding,2022-08-02 05:50:04,10000.0,100,USD,200.0,150.0,50.0,50,25.0,5,365,2022-08-02 05:50:04,5.0,0
demo,300238,Evaluation,Evaluation,Direct Funding,2022-08-02 05:50:04,10000.0,100,USD,200.0,150.0,50.0,50,25.0,5,365,2022-08-02 05:50:04,5.0,0
demo,300239,Evaluation,Evaluation,Direct Funding,2022-08-02 05:50:04,10000.0,100,USD,200.0,150.0,50.0,50,25.0,5,365,2022-08-02 05:50:04,5.0,0
demo,300240,Evaluation,Evaluation,Direct Funding,2022-08-02 05:50:04,10000.0,100,USD,200.0,150.0,50.0,50,25.0,5,365,2022-08-02 05:50:04,5.0,0
demo,300241,Evaluation,Evaluation,Direct Funding,2022-08-02 05:50:04,10000.0,100,USD,200.0,150.0,50.0,50,25.0,5,365,2022-08-02 05:50:04,5.0,0
demo,300242,Evaluation,Evaluation,Direct Funding,2022-08-02 05:50:04,10000.0,100,USD,200.0,150.0,50.0,50,25.0,5,365,2022-08-02 05:50:04,5.0,0
demo,300243,Evaluation,Evaluation,Direct Funding,2022-08-02 05:50:04,10000.0,100,USD,200.0,150.0,50.0,50,25.0,5,365,2022-08-02 05:50:04,5.0,0
demo,300244,Evaluation,Evaluation,Direct Funding,2022-08-02 05:50:04,10000.0,100,USD,200.0,150.0,50.0,50,25.0,5,365,2022-08-02 05:50:04,5.0,0
demo,300245,Evaluation,Evaluation,Direct Funding,2022-08-02 05:50:04,10000.0,100,USD,200.0,150.0,50.0,50,25.0,5,365,2022-08-02 05:50:04,5.0,0
demo,300246,Evaluation,Evaluation,Direct Funding,2022-08-02 05:50:04,10000.0,100,USD,200.0,150.0,50.0,50,25.0,5,365,2022-08-02 05:50:04,5.0,0
demo,300247,Evaluation,Evaluation,Direct Funding,2022-08-02 05:50:04,10000.0,100,USD,200.0,150.0,50.0,50,25.0,5,365,2022-08-02 05:50:04,5.0,0
demo,300248,Evaluation,Evaluation,Direct Funding,2022-08-02 05:50:04,10000.0,100,USD,200.0,150.0,50.0,50,25.0,5,365,2022-08-02 05:50:04,5.0,0
demo,300249,Evaluation,Evaluation,Direct Funding,2022-08-02 05:50:04,10000.0,100,USD,200.0,150.0,50.0,50,25.0,5,365,2022-08-02 05:50:04,5.0,0
demo,300250,Evaluation,Evaluation,Direct Funding,2022-08-02 05:50:04,10000.0,100,USD,200.0,150.0,50.0,50,25.0,5,365,2022-08-02 05:50:04,5.0,0
demo,300251,Evaluation,Evaluation,Direct Funding,2022-08-02 05:50:04,10000.0,100,USD,200.0,150.0,50.0,50,25.0,5,365,2022-08-02 05:50:04,5.0,0
demo,300252,Evaluation,Evaluation,Direct Funding,2022-08-02 05:50:04,10000.0,100,USD,200.0,150.0,50.0,50,25.0,5,365,2022-08-02 05:50:04,5.0,0
demo,300253,Evaluation,Evaluation,Direct Funding,2022-08-02 05:50:04,10000.0,100,USD,200.0,150.0,50.0,50,25.0,5,365,2022-08-02 05:50:04,5.0,0
demo,300254,Evaluation,Evaluation,Direct Funding,2022-08-02 05:50:04,10000.0,100,USD,200.0,150.0,50.0,50,25.0,5,365,2022-08-02 05:50:04,5.0,0
demo,300255,Evaluation,Evaluation,Direct Funding,2022-08-02 05:50:04,10000.0,100,USD,200.0,150.0,50.0,50,25.0,5,365,2022-08-02 05:50:04,5.0,0
demo,300256,Evaluation,Evaluation,Direct Funding,2022-08-02 05:50:04,10000.0,100,USD,200.0,150.0,50.0,50,25.0,5,365,2022-08-02 05:50:04,5.0,0
demo,300257,Evaluation,Evaluation,Direct Funding,2022-08-02 05:50:04,10000.0,100,USD,200.0,150.0,50.0,50,25.0,5,365,2022-08-02 05:50:04,5.0,0
demo,300258,Evaluation,Evaluation,Direct Funding,2022-08-02 05:50:04,10000.0,100,USD,200.0,150.0,50.0,50,25.0,5,365,2022-08-02 05:50:04,5.0,0
demo,300259,Evaluation,Evaluation,Direct Funding,2022-08-02 05:50:04,10000.0,100,USD,200.0,150.0,50.0,50,25.0,5,365,2022-08-02 05:50:04,5.0,0
demo,300260,Evaluation,Evaluation,Direct Funding,2022-08-02 05:50:04,10000.0,100,USD,200.0,150.0,50.0,50,25.0,5,365,2022-08-02 05:50:04,5.0,0
demo,300261,Evaluation,Evaluation,Direct Funding,2022-08-02 05:50:04,10000.0,100,USD,200.0,150.0,50.0,50,25.0,5,365,2022-08-02 05:50:04,5.0,0
demo,300262,Evaluation,Evaluation,Direct Funding,2022-08-02 05:50:04,10000.0,100,USD,200.0,150.0,50.0,50,25.0,5,365,2022-08-02 05:50:04,5.0,0
demo,300263,Evaluation,Evaluation,Direct Funding,2022-08-02 05:50:04,10000.0,100,USD,200.0,150.0,50.0,50,25.0,5,365,2022-08-02 05:50:04,5.0,0
demo,300264,Evaluation,Evaluation,Direct Funding,2022-08-02 05:50:04,10000.0,100,USD,200.0,150.0,50.0,50,25.0,5,365,2022-08-02 05:50:04,5.0,0
demo,300265,Evaluation,Evaluation,Direct Funding,2022-08-02 05:50:04,10000.0,100,USD,200.0,150.0,50.0,50,25.0,5,365,2022-08-02 05:50:04,5.0,0
demo,300266,Evaluation,Evaluation,Direct Funding,2022-08-02 05:50:04,10000.0,100,USD,200.0,150.0,50.0,50,25.0,5,365,2022-08-02 05:50:04,5.0,0
demo,300267,Evaluation,Evaluation,Direct Funding,2022-08-02 05:50:04,10000.0,100,USD,200.0,150.0,50.0,50,25.0,5,365,2022-08-02 05:50:04,5.0,0
demo,300268,Evaluation,Evaluation,Direct Funding,2022-08-02 05:50:04,10000.0,100,USD,200.0,150.0,50.0,50,25.0,5,365,2022-08-02 05:50:04,5.0,0
demo,300269,Evaluation,Evaluation,Direct Funding,2022-08-02 05:50:04,10000.0,100,USD,200.0,150.0,50.0,50,25.0,5,365,2022-08-02 05:50:04,5.0,0
demo,300270,Evaluation,Evaluation,Direct Funding,2022-08-02 05:50:04,10000.0,100,USD,200.0,150.0,50.0,50,25.0,5,365,2022-08-02 05:50:04,5.0,0
demo,300271,Evaluation,Evaluation,Direct Funding,2022-08-02 05:50:04,10000.0,100,USD,200.0,150.0,50.0,50,25.0,5,365,2022-08-02 05:50:04,5.0,0
demo,300272,Evaluation,Evaluation,Direct Funding,2022-08-02 05:50:04,10000.0,100,USD,200.0,150.0,50.0,50,25.0,5,365,2022-08-02 05:50:04,5.0,0
demo,300273,Evaluation,Evaluation,Direct Funding,2022-08-02 05:50:04,10000.0,100,USD,200.0,150.0,50.0,50,25.0,5,365,2022-08-02 05:50:04,5.0,0
demo,300274,Evaluation,Evaluation,Direct Funding,2022-08-02 05:50:04,10000.0,100,USD,200.0,150.0,50.0,50,25.0,5,365,2022-08-02 05:50:04,5.0,0
demo,300275,Evaluation,Evaluation,Direct Funding,2022-08-02 05:50:04,10000.0,100,USD,200.0,150.0,50.0,50,25.0,5,365,2022-08-02 05:50:04,5.0,0
demo,300276,Evaluation,Evaluation,Direct Funding,2022-08-02 05:50:04,10000.0,100,USD,200.0,150.0,50.0,50,25.0,5,365,2022-08-02 05:50:04,5.0,0
demo,300277,Evaluation,Evaluation,Direct Funding,2022-08-02 05:50:04,10000.0,100,USD,200.0,150.0,50.0,50,25.0,5,365,2022-08-02 05:50:04,5.0,0
demo,300278,Evaluation,Evaluation,Direct Funding,2022-08-02 05:50:04,10000.0,100,USD,200.0,150.0,50.0,50,25.0,5,365,2022-08-02 05:50:04,5.0,0
demo,300279,Evaluation,Evaluation,Direct Funding,2022-08-02 05:50:04,10000.0,100,USD,200.0,150.0,50.0,50,25.0,5,365,2022-08-02 05:50:04,5.0,0
demo,300280,Evaluation,Evaluation,Direct Funding,2022-08-02 05:50:04,10000.0,100,USD,200.0,150.0,50.0,50,25.0,5,365,2022-08-02 05:50:04,5.0,0
demo,300281,Evaluation,Evaluation,Direct Funding,2022-08-02 05:50:04,10000.0,100,USD,200.0,150.0,50.0,50,25.0,5,365,2022-08-02 05:50:04,5.0,0
demo,300282,Evaluation,Evaluation,Direct Funding,2022-08-02 05:50:04,10000.0,100,USD,200.0,150.0,50.0,50,25.0,5,365,2022-08-02 05:50:04,5.0,0
demo,300283,Evaluation,Evaluation,Direct Funding,2022-08-02 05:50:04,10000.0,100,USD,200.0,150.0,50.0,50,25.0,5,365,2022-08-02 05:50:04,5.0,0
demo,300284,Evaluation,Evaluation,Direct Funding,2022-08-02 05:50:04,10000.0,100,USD,200.0,150.0,50.0,50,25.0,5,365,2022-08-02 05:50:04,5.0,0
demo,300285,Evaluation,Evaluation,Direct Funding,2022-08-02 05:50:04,10000.0,100,USD,200.0,150.0,50.0,50,25.0,5,365,2022-08-02 05:50:04,5.0,0
demo,300286,Evaluation,Evaluation,Direct Funding,2022-08-02 05:50:04,10000.0,100,USD,200.0,150.0,50.0,50,25.0,5,365,2022-08-02 05:50:04,5.0,0
demo,300287,Evaluation,Evaluation,Direct Funding,2022-08-02 05:50:04,10000.0,100,USD,200.0,150.0,50.0,50,25.0,5,365,2022-08-02 05:50:04,5.0,0
demo,300288,Evaluation,Evaluation,Direct Funding,2022-08-02 05:50:04,10000.0,100,USD,200.0,150.0,50.0,50,25.0,5,365,2022-08-02 05:50:04,5.0,0
demo,300289,Evaluation,Evaluation,Direct Funding,2022-08-02 05:50:04,10000.0,100,USD,200.0,150.0,50.0,50,25.0,5,365,2022-08-02 05:50:04,5.0,0
demo,300290,Evaluation,Evaluation,Direct Funding,2022-08-02 05:50:04,10000.0,100,USD,200.0,150.0,50.0,50,25.0,5,365,2022-08-02 05:50:04,5.0,0
demo,300291,Evaluation,Evaluation,Direct Funding,2022-08-02 05:50:04,10000.0,100,USD,200.0,150.0,50.0,50,25.0,5,365,2022-08-02 05:50:04,5.0,0
demo,300292,Evaluation,Evaluation,Direct Funding,2022-08-02 05:50:04,10000.0,100,USD,200.0,150.0,50.0,50,25.0,5,365,2022-08-02 05:50:04,5.0,0
demo,300293,Evaluation,Evaluation,Direct Funding,2022-08-02 05:50:04,10000.0,100,USD,200.0,150.0,50.0,50,25.0,5,365,2022-08-02 05:50:04,5.0,0
demo,300294,Evaluation,Evaluation,Direct Funding,2022-08-02 05:50:04,10000.0,100,USD,200.0,150.0,50.0,50,25.0,5,365,2022-08-02 05:50:04,5.0,0
demo,300295,Evaluation,Evaluation,Direct Funding,2022-08-02 05:50:04,10000.0,100,USD,200.0,150.0,50.0,50,25.0,5,365,2022-08-02 05:50:04,5.0,0
demo,300296,Evaluation,Evaluation,Direct Funding,2022-08-02 05:50:04,10000.0,100,USD,200.0,150.0,50.0,50,25.0,5,365,2022-08-02 05:50:04,5.0,0
demo,300297,Evaluation,Evaluation,Direct Funding,2022-08-02 05:50:04,10000.0,100,USD,200.0,150.0,50.0,50,25.0,5,365,2022-08-02 05:50:04,5.0,0
demo,300298,Evaluation,Evaluation,Direct Funding,2022-08-02 05:50:04,10000.0,100,USD,200.0,150.0,50.0,50,25.0,5,365,2022-08-02 05:50:04,5.0,0
demo,300299,Evaluation,Evaluation,Direct Funding,2022-08-02 05:50:04,10000.0,100,USD,200.0,150.0,50.0,50,25.0,5,365,2022-08-02 05:50:04,5.0,0
demo,300300,Evaluation,Evaluation,Direct Funding,2022-08-02 05:50:04,10000.0,100,USD,200.0,150.0,50.0,50,25.0,5,365,2022-08-02 05:50:04,5.0,0
demo,300301,Evaluation,Evaluation,Direct Funding,2022-08-02 05:50:04,10000.0,100,USD,200.0,150.0,50.0,50,25.0,5,365,2022-08-02 05:50:04,5.0,0
demo,300302,Evaluation,Evaluation,Direct Funding,2022-08-02 05:50:04,10000.0,100,USD,200.0,150.0,50.0,50,25.0,5,365,2022-08-02 05:50:04,5.0,0
demo,300303,Evaluation,Evaluation,Direct Funding,2022-08-02 05:50:04,10000.0,100,USD,200.0,150.0,50.0,50,25.0,5,365,2022-08-02 05:50:04,5.0,0
demo,300304,Evaluation,Evaluation,Direct Funding,2022-08-02 05:50:04,10000.0,100,USD,200.0,150.0,50.0,50,25.0,5,365,2022-08-02 05:50:04,5.0,0
demo,300305,Evaluation,Evaluation,Direct Funding,2022-08-02 05:50:04,10000.0,100,USD,200.0,150.0,50.0,50,25.0,5,365,2022-08-02 05:50:04,5.0,0
